team_name,Years,iPF,PF,H,R,total_home_games,total_away_games
Lehman,2021-2024,1.5027621012629597,130.1657260757776,7.828571428571428,3.893617021276596,35.0,47.0
Southern Va.,2021-2024,1.3238625445881125,119.43175267528675,7.5,4.544303797468355,54.0,79.0
Knox,2021-2024,1.3103268434508046,118.61961060704829,6.15625,3.792682926829268,64.0,82.0
New Jersey City,2021-2024,1.2864636353086087,117.18781811851653,8.346938775510203,5.298969072164948,49.0,97.0
Brandeis,2021-2024,1.2716408986486378,116.29845391891827,6.780821917808219,4.387755102040816,73.0,49.0
Stevens,2021-2024,1.264409780965602,115.86458685793613,8.263157894736842,5.3977272727272725,76.0,88.0
Lancaster Bible,2021-2024,1.2623088520905794,115.73853112543478,9.295081967213115,6.0886075949367084,61.0,79.0
Wells,2021-2024,1.2618278419875457,115.70967051925274,6.945205479452055,4.552238805970149,73.0,67.0
Minn.-Morris,2021-2024,1.2501098425609594,115.00659055365756,9.090909090909092,6.052083333333333,44.0,96.0
Thomas (ME),2021-2024,1.2483671655625526,114.90202993375316,9.113636363636363,6.0813953488372094,44.0,86.0
CCNY,2021-2024,1.2453462676504738,114.72077605902844,8.0,5.36,27.0,75.0
Valley Forge,2021-2024,1.244601048759208,114.67606292555249,7.944444444444445,5.328125,54.0,64.0
St. Scholastica,2021-2024,1.2406316373792388,114.43789824275431,7.659574468085107,5.1647058823529415,47.0,85.0
Houghton,2021-2024,1.2300802156437785,113.8048129386267,7.178082191780822,4.910256410256411,73.0,78.0
Eureka,2021-2024,1.2239149378088667,113.434896268532,7.310344827586207,5.043478260869565,58.0,92.0
Rosemont,2021-2024,1.2215656562239976,113.29393937343985,8.0,5.537313432835821,41.0,67.0
Guilford,2021-2024,1.2144272986644098,112.8656379198646,9.026315789473685,6.310344827586207,76.0,58.0
Saint Elizabeth,2021-2024,1.2137767811961395,112.82660687176838,8.53125,5.96969696969697,32.0,99.0
Old Westbury,2021-2024,1.2077732730426922,112.46639638256153,8.25925925925926,5.828571428571428,54.0,70.0
Grinnell,2021-2024,1.2053564802891477,112.32138881734886,8.96,6.344827586206897,50.0,87.0
Albertus Magnus,2021-2024,1.2047950171037831,112.28770102622698,6.869565217391305,4.868421052631579,46.0,76.0
Wis.-Oshkosh,2021-2024,1.2014460426355196,112.08676255813117,9.338709677419354,6.65,62.0,100.0
Rochester (NY),2021-2024,1.1964284975131805,111.78570985079084,8.970149253731343,6.433734939759036,67.0,83.0
Lakeland,2021-2024,1.1957791000698146,111.74674600418888,7.32,5.255102040816326,50.0,98.0
Keene St.,2021-2024,1.182274738179888,110.93648429079327,6.297872340425532,4.611111111111111,47.0,90.0
Rockford,2021-2024,1.1814780725372376,110.88868435223425,7.290909090909091,5.344444444444444,55.0,90.0
Franklin,2021-2024,1.1810058856963062,110.86035314177838,10.377777777777778,7.6125,90.0,80.0
Greenville,2021-2024,1.1800598298867926,110.80358979320755,7.246376811594203,5.322916666666667,69.0,96.0
Ozarks (AR),2021-2024,1.17878888825797,110.72733329547819,7.517241379310345,5.532258064516129,58.0,62.0
Mitchell,2021-2024,1.1779604020440453,110.67762412264273,10.170731707317072,7.494252873563219,82.0,87.0
York (PA),2021-2024,1.1773175780572886,110.63905468343731,8.954545454545455,6.604395604395604,66.0,91.0
Maryville (TN),2021-2024,1.175744752523356,110.54468515140137,7.701298701298701,5.693333333333333,77.0,75.0
Caltech,2021-2024,1.175617016269269,110.53702097615614,4.75,3.5121951219512195,72.0,41.0
Blackburn,2021-2024,1.1733032748569832,110.398196491419,5.76,4.273684210526316,50.0,95.0
Covenant,2021-2024,1.1720108993623601,110.3206539617416,7.435897435897436,5.527777777777778,78.0,72.0
Muhlenberg,2021-2024,1.1697835120310012,110.18701072186008,7.095238095238095,5.292134831460674,42.0,89.0
Wis.-Superior,2021-2024,1.1684514771865522,110.10708863119314,8.179487179487179,6.113043478260869,39.0,115.0
Berea,2021-2024,1.1657383176522669,109.94429905913601,5.685714285714286,4.266666666666667,70.0,45.0
Stevenson,2021-2024,1.163555372454103,109.81332234724619,7.2153846153846155,5.4324324324324325,65.0,74.0
East. Mennonite,2021-2024,1.163231295851161,109.79387775106966,7.984848484848484,6.014705882352941,66.0,68.0
Sul Ross St.,2021-2024,1.1629507489039783,109.7770449342387,8.151515151515152,6.142857142857143,66.0,70.0
WPI,2021-2024,1.1611429380342806,109.66857628205685,7.840909090909091,5.925,44.0,80.0
Mary Baldwin,2021-2024,1.1601447656747776,109.60868594048665,5.476923076923077,4.144927536231884,65.0,69.0
Ferrum,2021-2024,1.158817217567512,109.52903305405073,7.7974683544303796,5.913043478260869,79.0,69.0
Bluffton,2021-2024,1.157965736808564,109.47794420851385,7.875,5.979591836734694,64.0,98.0
Wis.-Stevens Point,2021-2024,1.154504604075603,109.27027624453618,9.855263157894736,7.522935779816514,76.0,109.0
SUNY Poly,2021-2024,1.1494411482333753,108.96646889400252,7.193548387096774,5.534090909090909,31.0,88.0
MUW,2021-2024,1.1485442911860426,108.91265747116256,7.111111111111111,5.478260869565218,18.0,69.0
Plymouth St.,2021-2024,1.146345973637541,108.78075841825246,7.315789473684211,5.655172413793103,38.0,87.0
St. Lawrence,2021-2024,1.146306905776397,108.77841434658382,7.777777777777778,6.012658227848101,45.0,79.0
Maranatha Baptist,2021-2024,1.1456408059748333,108.73844835849,3.1875,2.466666666666667,32.0,60.0
Lesley,2021-2024,1.145627109746626,108.73762658479755,6.614035087719298,5.118421052631579,57.0,76.0
Union (NY),2021-2024,1.1450089351706847,108.70053611024109,8.81132075471698,6.825396825396825,53.0,63.0
Delaware Valley,2021-2024,1.1440259267324557,108.64155560394735,6.491525423728813,5.036144578313253,59.0,83.0
SUNY Canton,2021-2024,1.1423173890855032,108.53904334513018,5.588235294117647,4.346938775510204,34.0,98.0
Neb. Wesleyan,2021-2024,1.1414841210114037,108.48904726068423,6.967741935483871,5.427083333333333,62.0,96.0
Cal Lutheran,2021-2024,1.141215754898266,108.47294529389595,7.7176470588235295,6.013698630136986,85.0,73.0
Cornell College,2021-2024,1.1411516299615623,108.46909779769373,7.966101694915254,6.207920792079208,59.0,101.0
SUNY New Paltz,2021-2024,1.1390315866978682,108.34189520187209,7.979591836734694,6.239130434782608,49.0,92.0
Norwich,2021-2024,1.1388657294272106,108.33194376563264,6.28125,4.9125,32.0,80.0
Framingham St.,2021-2024,1.1356340191040633,108.1380411462438,6.903846153846154,5.426966292134831,52.0,89.0
Manhattanville,2021-2024,1.1353676702996403,108.12206021797842,7.835820895522388,6.162162162162162,67.0,74.0
McMurry,2021-2024,1.1335357823026122,108.01214693815673,7.466666666666667,5.888888888888889,75.0,81.0
Vassar,2021-2024,1.1323769459747688,107.94261675848614,7.957446808510638,6.2875,47.0,80.0
DeSales,2021-2024,1.1315257192676547,107.89154315605929,8.272727272727273,6.545454545454546,66.0,88.0
Penn St.-Brandywine,2021-2024,1.1311379203094813,107.86827521856888,9.071428571428571,7.181818181818182,14.0,22.0
Penn St.-Altoona,2021-2024,1.1310321891635302,107.86193134981181,7.744186046511628,6.132075471698113,43.0,106.0
Emory & Henry,2021-2024,1.129219752627174,107.75318515763044,6.0,4.764705882352941,16.0,17.0
Whitworth,2021-2024,1.1280463283390245,107.68277970034148,6.711864406779661,5.34,59.0,100.0
Marian (WI),2021-2024,1.1279618805839258,107.67771283503555,7.673469387755102,6.105882352941176,49.0,85.0
Cabrini,2021-2024,1.123718997717513,107.42313986305079,9.626865671641792,7.7125,67.0,80.0
Oglethorpe,2021-2024,1.1235155980298421,107.41093588179054,5.728571428571429,4.590909090909091,70.0,88.0
Pitt.-Greensburg,2021-2024,1.122940079679719,107.37640478078315,8.016666666666667,6.430555555555555,60.0,72.0
Louisiana Col.,2021-2024,1.1210496107902572,107.26297664741544,8.7,7.0,20.0,21.0
Colby,2021-2024,1.1205178030825045,107.23106818495027,8.507936507936508,6.851351351351352,63.0,74.0
Bridgewater St.,2021-2024,1.1201674808757685,107.21004885254611,7.506329113924051,6.048192771084337,79.0,83.0
Rhode Island Col.,2021-2024,1.1197110082299622,107.18266049379773,9.27027027027027,7.475,74.0,80.0
Franciscan,2021-2024,1.1192152172342504,107.15291303405503,6.709677419354839,5.414634146341464,62.0,82.0
Alfred St.,2021-2024,1.1177545291374178,107.06527174824507,7.4772727272727275,6.048387096774194,44.0,124.0
Western New Eng.,2021-2024,1.1173822425914186,107.04293455548512,8.415094339622641,6.811111111111111,53.0,90.0
Penn St.-Berks,2021-2024,1.1160380278558641,106.96228167135185,6.6875,5.424657534246576,48.0,73.0
Neumann,2021-2024,1.1158828606760025,106.95297164056015,7.379310344827586,5.987341772151899,58.0,79.0
Me.-Farmington,2021-2024,1.1144800827612826,106.86880496567697,4.777777777777778,3.8854166666666665,36.0,96.0
Salve Regina,2021-2024,1.1142344741303738,106.85406844782244,9.11111111111111,7.412371134020619,72.0,97.0
Fontbonne,2021-2024,1.1128001171955144,106.76800703173086,8.164556962025317,6.657894736842105,79.0,76.0
Clarkson,2021-2024,1.1114206685171153,106.68524011102691,7.40625,6.053191489361702,32.0,94.0
Wittenberg,2021-2024,1.1111035473867332,106.666212843204,9.333333333333334,7.632183908045977,69.0,87.0
Hartford,2021-2024,1.1094199791755988,106.56519875053591,6.666666666666667,5.466666666666667,21.0,15.0
North Park,2021-2024,1.1092113410151998,106.552680460912,7.395833333333333,6.066666666666666,48.0,105.0
Howard Payne,2021-2024,1.1090903632958717,106.54542179775231,6.426666666666667,5.2727272727272725,75.0,77.0
John Carroll,2021-2024,1.1090316796422637,106.54190077853582,7.9,6.482142857142857,50.0,112.0
Misericordia,2021-2024,1.1090174769007146,106.54104861404288,9.73972602739726,7.991869918699187,73.0,123.0
Ohio Northern,2021-2024,1.1086882821225705,106.52129692735424,7.60655737704918,6.244897959183674,61.0,98.0
Carroll (WI),2021-2024,1.1085573152525603,106.51343891515361,7.39622641509434,6.073529411764706,53.0,68.0
Widener,2021-2024,1.108384052738114,106.50304316428682,8.03225806451613,6.597701149425287,62.0,87.0
Austin,2021-2024,1.1081443340929773,106.48866004557864,5.28,4.338709677419355,75.0,62.0
Husson,2021-2024,1.1080345089796977,106.48207053878187,7.3283582089552235,6.022988505747127,67.0,87.0
Nichols,2021-2024,1.1079511095920815,106.47706657552489,8.323076923076924,6.841463414634147,65.0,82.0
Hamilton,2021-2024,1.1072495015397288,106.43497009238372,8.543478260869565,7.030769230769231,46.0,65.0
Whittier,2021-2024,1.106067343218525,106.36404059311151,5.797101449275362,4.78,69.0,50.0
Lasell,2021-2024,1.1055339265712694,106.33203559427615,6.886363636363637,5.683168316831683,44.0,101.0
Pfeiffer,2021-2024,1.1033645770342002,106.20187462205202,8.76923076923077,7.2631578947368425,65.0,76.0
Gustavus Adolphus,2021-2024,1.1014271894313161,106.08563136587897,8.735294117647058,7.258426966292135,68.0,89.0
Anderson (IN),2021-2024,1.0980136982199717,105.8808218931983,8.571428571428571,7.163043478260869,77.0,92.0
Rutgers-Newark,2021-2024,1.0978245974492944,105.86947584695767,7.140625,5.969230769230769,64.0,65.0
WashU,2021-2024,1.097685521062164,105.86113126372985,8.0,6.6891891891891895,82.0,74.0
SUNY Brockport,2021-2024,1.0962715175030064,105.77629105018038,8.351851851851851,7.0,54.0,100.0
St. John Fisher,2021-2024,1.0960028325896962,105.76016995538178,10.492537313432836,8.79816513761468,67.0,109.0
TCNJ,2021-2024,1.0953279963343012,105.71967978005807,7.982456140350878,6.701030927835052,57.0,97.0
Cazenovia,2021-2024,1.095198283851483,105.71189703108898,6.24,5.23943661971831,25.0,71.0
Montclair St.,2021-2024,1.0949553514182506,105.69732108509504,10.095890410958905,8.480519480519481,73.0,77.0
Gordon,2021-2024,1.0935674287513715,105.61404572508228,5.980392156862745,5.035294117647059,51.0,85.0
Crown (MN),2021-2024,1.0934024539565246,105.60414723739146,9.205128205128204,7.752577319587629,39.0,97.0
Bethany Lutheran,2021-2024,1.0926039339639897,105.5562360378394,8.944444444444445,7.54320987654321,54.0,81.0
Bob Jones,2021-2024,1.0922560062676983,105.5353603760619,4.794117647058823,4.045454545454546,34.0,44.0
Lynchburg,2021-2024,1.0908887997351933,105.4533279841116,8.88888888888889,7.5181818181818185,99.0,110.0
Penn St.-Behrend,2021-2024,1.0908771023880497,105.45262614328298,8.42,7.121739130434783,50.0,115.0
Gallaudet,2021-2024,1.0896841666592167,105.381049999553,6.318181818181818,5.354838709677419,44.0,31.0
Anna Maria,2021-2024,1.0889063745316427,105.33438247189856,7.448275862068965,6.320987654320987,58.0,81.0
Ursinus,2021-2024,1.0888409780033768,105.33045868020261,5.644444444444445,4.790697674418604,45.0,86.0
Cairn,2021-2024,1.0875506835807385,105.25304101484431,8.830508474576272,7.511363636363637,59.0,88.0
Defiance,2021-2024,1.087238389732022,105.23430338392133,4.981481481481482,4.239583333333333,54.0,96.0
Benedictine (IL),2021-2024,1.0872255630457164,105.23353378274298,9.070175438596491,7.719512195121951,57.0,82.0
Pomona-Pitzer,2021-2024,1.085969700031327,105.15818200187962,8.7625,7.473684210526316,80.0,57.0
John Jay,2021-2024,1.0857946217749337,105.147677306496,5.657894736842105,4.827160493827161,38.0,81.0
Berry,2021-2024,1.0857932178443352,105.14759307066011,8.651162790697674,7.380952380952381,86.0,84.0
Wis.-La Crosse,2021-2024,1.085651030407372,105.13906182444232,9.523809523809524,8.127450980392156,84.0,102.0
Rutgers-Camden,2021-2024,1.0855141931699022,105.13085159019413,6.698412698412699,5.7176470588235295,63.0,85.0
Roanoke,2021-2024,1.0853859445063758,105.12315667038254,8.322222222222223,7.105263157894737,90.0,76.0
St. Thomas (TX),2021-2024,1.0829649743873024,104.97789846323815,7.078947368421052,6.068965517241379,38.0,58.0
Worcester St.,2021-2024,1.0824699046956177,104.94819428173705,6.065217391304348,5.204301075268817,46.0,93.0
Earlham,2021-2024,1.0822364406182365,104.9341864370942,8.222222222222221,7.057971014492754,90.0,69.0
MSOE,2021-2024,1.080908980943607,104.85453885661641,8.246153846153845,7.094736842105263,65.0,95.0
Rensselaer,2021-2024,1.0807475518619434,104.8448531117166,7.30379746835443,6.285714285714286,79.0,42.0
Wash. & Jeff.,2021-2024,1.0795049019577307,104.77029411746383,8.59375,7.411764705882353,96.0,85.0
Ohio Wesleyan,2021-2024,1.0793405446323217,104.7604326779393,6.354838709677419,5.482352941176471,62.0,85.0
Juniata,2021-2024,1.079311241952262,104.75867451713572,7.030769230769231,6.065789473684211,65.0,76.0
Grove City,2021-2024,1.078193200775151,104.69159204650906,8.263157894736842,7.142857142857143,57.0,105.0
Asbury,2021-2024,1.0769179682911862,104.61507809747117,8.6875,7.526315789473684,32.0,19.0
New England Col.,2021-2024,1.0761724679892337,104.57034807935402,6.525,5.660194174757281,40.0,103.0
JWU (Providence),2021-2024,1.075431629723134,104.52589778338806,8.586206896551724,7.457831325301205,58.0,83.0
Hendrix,2021-2024,1.0748184200700357,104.48910520420213,7.366666666666666,6.405405405405405,90.0,74.0
Hanover,2021-2024,1.0743402268362154,104.46041361017294,8.0,6.961904761904762,60.0,105.0
Northwestern-St. Paul,2021-2024,1.074188021737547,104.45128130425283,7.592105263157895,6.608695652173913,76.0,92.0
Scranton,2021-2024,1.0735718381399977,104.41431028839988,8.976190476190476,7.821917808219178,84.0,73.0
Willamette,2021-2024,1.073286571304568,104.39719427827407,7.975,6.952941176470588,80.0,85.0
Rowan,2021-2024,1.072734804268776,104.36408825612658,9.589285714285714,8.368421052631579,56.0,114.0
St. Joseph's (L.I.),2021-2024,1.07246698777996,104.34801926679759,8.56,7.473684210526316,75.0,57.0
St. Olaf,2021-2024,1.0722278504769545,104.33367102861726,6.906976744186046,6.032967032967033,43.0,91.0
LaGrange,2021-2024,1.0715045821229456,104.29027492737674,9.147368421052631,8.0,95.0,77.0
Keystone,2021-2024,1.0713967161336486,104.28380296801892,10.217391304347826,8.9375,69.0,96.0
Ill. Springfield,2021-2024,1.0698898804402328,104.19339282641398,9.696969696969697,8.504761904761905,99.0,105.0
Redlands,2021-2024,1.068329446375528,104.09976678253167,7.550724637681159,6.640625,69.0,64.0
Millsaps,2021-2024,1.0681636794549956,104.08982076729973,6.223529411764706,5.475,85.0,80.0
North Central (MN),2021-2024,1.0673914546384067,104.0434872783044,5.967741935483871,5.257142857142857,31.0,70.0
Emerson,2021-2024,1.0670640301369443,104.02384180821667,6.085106382978723,5.363636363636363,47.0,66.0
Concordia Chicago,2021-2024,1.0663464792924269,103.98078875754561,8.362068965517242,7.38,58.0,100.0
Randolph-Macon,2021-2024,1.0661378373529486,103.96827024117692,9.061224489795919,8.0,98.0,70.0
Geneva,2021-2024,1.0650879254580699,103.90527552748419,5.951612903225806,5.264367816091954,62.0,87.0
Marietta,2021-2024,1.0645125470135928,103.87075282081557,9.685393258426966,8.575757575757576,89.0,99.0
Augustana (IL),2021-2024,1.0638622493461203,103.8317349607672,8.822222222222223,7.82051282051282,45.0,78.0
VTSU Lyndon,2021-2024,1.0627359981369664,103.76415988821799,5.666666666666667,5.033333333333333,33.0,90.0
Concordia Wisconsin,2021-2024,1.0607020042702793,103.64212025621676,7.6571428571428575,6.826086956521739,70.0,92.0
Alma,2021-2024,1.0600783317629472,103.60469990577683,7.466666666666667,6.663716814159292,45.0,113.0
VTSU Castleton,2021-2024,1.0585428255064158,103.51256953038495,6.096774193548387,5.456140350877193,31.0,114.0
Wis.-Platteville,2021-2024,1.05561284095787,103.3367704574722,6.7555555555555555,6.077669902912621,45.0,103.0
Bethel (MN),2021-2024,1.0554205027459764,103.32523016475858,7.869565217391305,7.08235294117647,46.0,85.0
Huntingdon,2021-2024,1.0552125119338218,103.3127507160293,7.7594936708860756,6.985915492957746,79.0,71.0
Coe,2021-2024,1.055064005481125,103.30384032886751,7.14,6.429906542056075,50.0,107.0
Macalester,2021-2024,1.0547250727523356,103.28350436514013,6.2926829268292686,5.670329670329671,41.0,91.0
Haverford,2021-2024,1.05457845755216,103.2747074531296,7.666666666666667,6.910256410256411,39.0,78.0
Trinity (CT),2021-2024,1.0534832858933698,103.20899715360218,6.8936170212765955,6.225806451612903,47.0,62.0
MIT,2021-2024,1.0525510608410849,103.15306365046509,7.108108108108108,6.430379746835443,37.0,79.0
Catholic,2021-2024,1.0506244868726746,103.03746921236048,8.608695652173912,7.815217391304348,69.0,92.0
Wis.-Stout,2021-2024,1.0498404338834697,102.99042603300819,7.127272727272727,6.479591836734694,55.0,98.0
Westfield St.,2021-2024,1.0494456962824859,102.96674177694915,6.694915254237288,6.090909090909091,59.0,88.0
Trine,2021-2024,1.04856170444264,102.9137022665584,5.326923076923077,4.854166666666667,52.0,96.0
Wm. Paterson,2021-2024,1.0484581098788106,102.90748659272863,9.102564102564102,8.296296296296296,78.0,81.0
Texas Lutheran,2021-2024,1.0464869382645978,102.78921629587587,8.425,7.706521739130435,80.0,92.0
Penn St.-Abington,2021-2024,1.046411517075755,102.78469102454531,10.288461538461538,9.412371134020619,52.0,97.0
IIT,2021-2024,1.0460853650555535,102.7651219033332,7.894736842105263,7.22680412371134,57.0,97.0
Edgewood,2021-2024,1.0459970330608273,102.75982198364963,7.5344827586206895,6.898148148148148,58.0,108.0
SUNY Maritime,2021-2024,1.0451597515267474,102.70958509160484,8.375,7.67948717948718,64.0,78.0
Manchester,2021-2024,1.0451282643777975,102.70769586266786,7.0,6.419047619047619,56.0,105.0
Bridgewater (VA),2021-2024,1.0451112506948737,102.70667504169242,7.194444444444445,6.597560975609756,72.0,82.0
Hampden-Sydney,2021-2024,1.0443321906301994,102.65993143781196,6.652777777777778,6.109589041095891,72.0,73.0
Illinois Col.,2021-2024,1.0422840838126686,102.5370450287601,7.950617283950617,7.329113924050633,81.0,79.0
Bates,2021-2024,1.0422347884371015,102.53408730622608,6.206896551724138,5.722222222222222,29.0,72.0
Marymount (VA),2021-2024,1.0421545773882663,102.52927464329598,7.359375,6.785714285714286,64.0,70.0
Dean,2021-2024,1.0401499307093078,102.40899584255847,5.612244897959184,5.1940298507462686,49.0,67.0
Roger Williams,2021-2024,1.0401229109129109,102.40737465477466,8.018181818181818,7.421052631578948,55.0,95.0
Southwestern (TX),2021-2024,1.0398308065286064,102.38984839171638,7.609375,7.046511627906977,64.0,43.0
La Roche,2021-2024,1.0393599046143585,102.36159427686151,6.767857142857143,6.2727272727272725,56.0,77.0
Hilbert,2021-2024,1.0372506034990148,102.23503620994087,6.806451612903226,6.333333333333333,31.0,111.0
Wilmington (OH),2021-2024,1.0364883926312503,102.18930355787501,6.295081967213115,5.865853658536586,61.0,82.0
Eastern,2021-2024,1.036175893470472,102.1705536082283,6.0181818181818185,5.611111111111111,55.0,90.0
Me.-Presque Isle,2021-2024,1.0353812733247927,102.12287639948757,3.8181818181818183,3.5652173913043477,22.0,92.0
Johns Hopkins,2021-2024,1.0349706701814598,102.09824021088758,9.363636363636363,8.75,77.0,84.0
Wheaton (IL),2021-2024,1.0341546508826869,102.04927905296121,7.222222222222222,6.7592592592592595,54.0,54.0
UMSV,2021-2024,1.0332744508601017,101.9964670516061,8.65,8.108910891089108,40.0,101.0
Gwynedd Mercy,2021-2024,1.0321740746967731,101.93044448180639,6.672727272727273,6.2682926829268295,55.0,82.0
Drew,2021-2024,1.0318829013814192,101.91297408288516,5.7894736842105265,5.441558441558442,57.0,77.0
SUNY Oneonta,2021-2024,1.0318657868522578,101.91194721113548,5.897058823529412,5.542857142857143,68.0,70.0
Penn St. Harrisburg,2021-2024,1.0316618698689561,101.89971219213736,9.770114942528735,9.186813186813186,87.0,91.0
East Tex. Baptist,2021-2024,1.030597575993478,101.83585455960869,8.303571428571429,7.823529411764706,112.0,85.0
Middlebury,2021-2024,1.03053389946174,101.83203396770439,8.941176470588236,8.425287356321839,51.0,87.0
Carthage,2021-2024,1.0300278887192265,101.8016733231536,6.206896551724138,5.854368932038835,58.0,103.0
Eastern Conn. St.,2021-2024,1.0299420448034355,101.79652268820614,8.647727272727273,8.157894736842104,88.0,95.0
Dallas,2021-2024,1.0296664658113857,101.77998794868314,6.084507042253521,5.742857142857143,71.0,70.0
Ramapo,2021-2024,1.0295091541381658,101.77054924828994,7.294117647058823,6.88659793814433,51.0,97.0
Denison,2021-2024,1.0293488890936926,101.76093334562155,9.108108108108109,8.601851851851851,74.0,108.0
Salisbury,2021-2024,1.0291064844745006,101.74638906847005,9.831683168316832,9.289473684210526,101.0,76.0
Alfred,2021-2024,1.02902316802467,101.7413900814802,2.7777777777777777,2.625,9.0,24.0
Bethany (WV),2021-2024,1.0284705762484865,101.70823457490918,5.459016393442623,5.164179104477612,61.0,67.0
Mt. St. Mary (NY),2021-2024,1.0283563972901677,101.70138383741005,6.384615384615385,6.041095890410959,39.0,73.0
Spalding,2021-2024,1.0274701988976744,101.64821193386047,8.078947368421053,7.6571428571428575,76.0,105.0
Clarks Summit,2021-2024,1.0273997184109542,101.64398310465725,4.923076923076923,4.666666666666667,39.0,75.0
Yeshiva,2021-2024,1.0271064916489285,101.62638949893572,1.6511627906976745,1.5660377358490567,43.0,53.0
Wash. & Lee,2021-2024,1.0266451119200743,101.59870671520446,7.53125,7.149253731343284,64.0,67.0
Westminster (PA),2021-2024,1.0248090486339598,101.4885429180376,6.049180327868853,5.7625,61.0,80.0
Luther,2021-2024,1.0240736156309709,101.44441693785826,6.660377358490566,6.353658536585366,53.0,82.0
Principia,2021-2024,1.0240268594988855,101.44161156993312,4.357142857142857,4.1568627450980395,42.0,51.0
Saint John's (MN),2021-2024,1.0237864090596631,101.4271845435798,7.826923076923077,7.470588235294118,52.0,68.0
Marywood,2021-2024,1.0229209773208874,101.37525863925325,6.682539682539683,6.388888888888889,63.0,72.0
Heidelberg,2021-2024,1.0223135885841301,101.33881531504781,7.173913043478261,6.866666666666666,69.0,90.0
Greensboro,2021-2024,1.0214458948064158,101.28675368838496,7.444444444444445,7.1375,72.0,80.0
Concordia-M'head,2021-2024,1.020931046867481,101.25586281204886,6.209302325581396,5.959183673469388,43.0,98.0
Calvin,2021-2024,1.0208366865644485,101.25020119386691,7.333333333333333,7.03921568627451,51.0,102.0
Russell Sage,2021-2024,1.0204108670762548,101.22465202457529,6.96969696969697,6.695652173913044,33.0,92.0
St. Norbert,2021-2024,1.019801083988813,101.18806503932878,6.3,6.0594059405940595,50.0,101.0
King's (PA),2021-2024,1.0195047444120022,101.17028466472013,5.346153846153846,5.144927536231884,52.0,69.0
Susquehanna,2021-2024,1.0169267387880394,101.01560432728236,6.648148148148148,6.429906542056075,54.0,107.0
Gettysburg,2021-2024,1.016198711626708,100.97192269760247,7.425925925925926,7.1923076923076925,54.0,78.0
Utica,2021-2024,1.015674030660631,100.94044183963786,8.346938775510203,8.092592592592593,49.0,108.0
Cortland,2021-2024,1.0155295823006605,100.93177493803962,8.478260869565217,8.222222222222221,92.0,90.0
Wentworth,2021-2024,1.0152971203158738,100.91782721895244,5.78125,5.609195402298851,32.0,87.0
Beloit,2021-2024,1.0143290907556097,100.85974544533659,8.508474576271187,8.270833333333334,59.0,96.0
Wis.-Eau Claire,2021-2024,1.0130314170128407,100.78188502077043,5.85,5.701030927835052,60.0,97.0
Hope,2021-2024,1.0127874766475553,100.76724859885331,8.333333333333334,8.125,54.0,104.0
Ripon,2021-2024,1.0123611604793357,100.74166962876015,6.212765957446808,6.0625,47.0,112.0
North Central (IL),2021-2024,1.0116149762369224,100.69689857421535,7.295454545454546,7.129411764705883,44.0,85.0
Swarthmore,2021-2024,1.0115603430655933,100.69362058393561,8.076923076923077,7.893939393939394,52.0,66.0
Transylvania,2021-2024,1.011127532169703,100.66765193018219,7.862068965517241,7.690476190476191,87.0,84.0
Elms,2021-2024,1.010833597497518,100.65001584985107,6.288461538461538,6.154761904761905,52.0,84.0
Mount Union,2021-2024,1.0093437047671723,100.56062228603034,7.131147540983607,7.0,61.0,100.0
Fitchburg St.,2021-2024,1.0093044839644132,100.5582690378648,6.0,5.8901098901098905,50.0,91.0
Shenandoah,2021-2024,1.008919418502488,100.53516511014928,8.486956521739131,8.337837837837839,115.0,74.0
Alvernia,2021-2024,1.0088352474238618,100.53011484543171,7.142857142857143,7.018518518518518,63.0,108.0
Westminster (MO),2021-2024,1.0080851063829788,100.48510638297871,6.844827586206897,6.735632183908046,58.0,87.0
Birmingham-So.,2021-2024,1.0080009136223784,100.4800548173427,8.382352941176471,8.25,102.0,92.0
UMass Dartmouth,2021-2024,1.0077820116550058,100.46692069930035,6.518518518518518,6.418367346938775,54.0,98.0
Salem St.,2021-2024,1.007594791414251,100.45568748485505,5.0,4.925,61.0,80.0
Elizabethtown,2021-2024,1.0075142693303685,100.4508561598221,7.285714285714286,7.177570093457944,56.0,107.0
Elmira,2021-2024,1.0065366036475454,100.39219621885272,5.8076923076923075,5.732558139534884,52.0,86.0
SUNY Cobleskill,2021-2024,1.006429876020462,100.38579256122773,6.963636363636364,6.875,55.0,88.0
Wis. Lutheran,2021-2024,1.00508409093504,100.30504545610239,5.108695652173913,5.057142857142857,46.0,105.0
Endicott,2021-2024,1.0037632698933396,100.22579619360037,8.674157303370787,8.60919540229885,89.0,87.0
Centre,2021-2024,1.003509301127652,100.21055806765911,6.459770114942529,6.414634146341464,87.0,82.0
La Verne,2021-2024,1.0030677025994121,100.18406215596474,8.207317073170731,8.157142857142857,82.0,70.0
Mount Aloysius,2021-2024,1.0014009556140562,100.08405733684339,7.0,6.980392156862745,49.0,102.0
N.C. Wesleyan,2021-2024,1.0013967615707495,100.08380569424497,8.694736842105263,8.670454545454545,95.0,88.0
Pacific (OR),2021-2024,1.0008318885089436,100.04991331053661,7.6875,7.674698795180723,80.0,83.0
Piedmont,2021-2024,1.0006733886248482,100.04040331749088,6.925,6.9156626506024095,80.0,83.0
Wooster,2021-2024,1.0004844511912374,100.02906707147426,7.896551724137931,7.888888888888889,58.0,108.0
WestConn,2021-2024,0.9996045132760193,99.97627079656117,4.911764705882353,4.9156626506024095,34.0,83.0
Oswego St.,2021-2024,0.9993264001261756,99.95958400757054,8.903846153846153,8.91588785046729,52.0,107.0
Claremont-M-S,2021-2024,0.9986409354817201,99.9184561289032,8.92156862745098,8.945945945945946,51.0,74.0
St. Joseph's (ME),2021-2024,0.9986167684365836,99.91700610619502,5.551724137931035,5.567164179104478,58.0,67.0
UMass Boston,2021-2024,0.998602359958873,99.91614159753239,7.485294117647059,7.506329113924051,68.0,79.0
Williams,2021-2024,0.9971031448934203,99.82618869360522,6.72,6.7592592592592595,25.0,54.0
Albright,2021-2024,0.9966238312518652,99.7974298751119,4.483333333333333,4.513888888888889,60.0,72.0
Mary Hardin-Baylor,2021-2024,0.9964317773759941,99.78590664255964,6.447368421052632,6.493827160493828,76.0,81.0
Schreiner,2021-2024,0.9962326926299868,99.77396155779921,6.2465753424657535,6.294117647058823,73.0,85.0
Aurora,2021-2024,0.99564723210011,99.73883392600659,9.4,9.482758620689655,70.0,116.0
Southern Me.,2021-2024,0.994805684893137,99.68834109358822,6.809523809523809,6.881188118811881,63.0,101.0
Suffolk,2021-2024,0.9946219742754352,99.67731845652611,7.137254901960785,7.21505376344086,51.0,93.0
Hardin-Simmons,2021-2024,0.9940803552367969,99.64482131420782,5.917808219178082,5.988888888888889,73.0,90.0
Albion,2021-2024,0.994036121334336,99.64216728006016,5.578947368421052,5.646464646464646,57.0,99.0
Otterbein,2021-2024,0.9925235167402342,99.55141100441405,8.244897959183673,8.37037037037037,49.0,108.0
Whitman,2021-2024,0.9914624608306757,99.48774764984054,6.301369863013699,6.411111111111111,73.0,90.0
Mary Washington,2021-2024,0.989727800933493,99.38366805600958,6.7439024390243905,6.885714285714286,82.0,70.0
Rose-Hulman,2021-2024,0.9895875737979367,99.3752544278762,7.7894736842105265,7.955555555555556,76.0,90.0
Skidmore,2021-2024,0.9884697279353987,99.30818367612392,7.454545454545454,7.630952380952381,44.0,84.0
Emory,2021-2024,0.9881625731749071,99.28975439049442,8.538461538461538,8.746031746031745,65.0,63.0
Mass. Maritime,2021-2024,0.987749805718444,99.26498834310664,5.901408450704225,6.05,71.0,60.0
Arcadia,2021-2024,0.987487201248963,99.2492320749378,8.14102564102564,8.350515463917526,78.0,97.0
Amherst,2021-2024,0.9868996060293056,99.21397636175834,7.6938775510204085,7.901408450704225,49.0,71.0
Baldwin Wallace,2021-2024,0.9865615507663248,99.19369304597949,8.444444444444445,8.678260869565218,72.0,115.0
George Fox,2021-2024,0.9854149507330583,99.1248970439835,5.635135135135135,5.804878048780488,74.0,82.0
Adrian,2021-2024,0.9850381405856599,99.1022884351396,7.742857142857143,7.982300884955753,70.0,113.0
Rhodes,2021-2024,0.9849817166176753,99.09890299706052,7.426966292134831,7.657534246575342,89.0,73.0
Chris. Newport,2021-2024,0.9849505572463689,99.09703343478213,7.758620689655173,8.0,87.0,73.0
Lycoming,2021-2024,0.9845098559455621,99.07059135673373,4.434782608695652,4.576923076923077,23.0,52.0
LeTourneau,2021-2024,0.9842955185927644,99.05773111556586,5.2,5.369047619047619,75.0,84.0
William Peace,2021-2024,0.9839781986253069,99.03869191751842,7.549450549450549,7.8,91.0,75.0
Colby-Sawyer,2021-2024,0.9828798493462432,98.97279096077459,5.852941176470588,6.060975609756097,34.0,82.0
Eastern Nazarene,2021-2024,0.9811600284772823,98.86960170863695,6.478260869565218,6.732558139534884,46.0,86.0
Carleton,2021-2024,0.980973048826895,98.8583829296137,5.020408163265306,5.219512195121951,49.0,82.0
Va. Wesleyan,2021-2024,0.9805903070533908,98.83541842320345,6.416666666666667,6.676470588235294,72.0,68.0
Stockton,2021-2024,0.9803808081535696,98.82284848921418,6.55,6.818181818181818,60.0,88.0
Plattsburgh St.,2021-2024,0.9796088514622856,98.77653108773714,6.588235294117647,6.869047619047619,51.0,84.0
Lawrence,2021-2024,0.97812100413162,98.6872602478972,8.020408163265307,8.388349514563107,49.0,103.0
Ill. Wesleyan,2021-2024,0.9777321576810034,98.6639294608602,6.5,6.803738317757009,56.0,107.0
Springfield,2021-2024,0.9773778185480029,98.64266911288017,5.836363636363636,6.113636363636363,55.0,44.0
Washington Col.,2021-2024,0.9769109782742325,98.61465869645394,6.654545454545454,6.977528089887641,55.0,89.0
Mt. St. Joseph,2021-2024,0.9768450751711926,98.61070451027155,6.317460317460317,6.625,63.0,96.0
Puget Sound,2021-2024,0.9766342889870561,98.59805733922336,6.36231884057971,6.675,69.0,80.0
RIT,2021-2024,0.9765336662668389,98.59201997601033,6.291666666666667,6.6022727272727275,48.0,88.0
Elmhurst,2021-2024,0.9763946825152225,98.58368095091336,5.978260869565218,6.275229357798165,46.0,109.0
Merchant Marine,2021-2024,0.9744745055330721,98.46847033198432,7.1891891891891895,7.576923076923077,74.0,78.0
Coast Guard,2021-2024,0.9738529304714059,98.43117582828435,6.392156862745098,6.745762711864407,51.0,59.0
Babson,2021-2024,0.9731198111743993,98.38718867046396,6.7846153846153845,7.171052631578948,65.0,76.0
Loras,2021-2024,0.9729180481830614,98.37508289098368,7.0,7.401869158878505,45.0,107.0
Tufts,2021-2024,0.970688729276573,98.24132375659438,7.121212121212121,7.565789473684211,66.0,76.0
Hiram,2021-2024,0.9702533717840547,98.21520230704328,5.346153846153846,5.685185185185185,52.0,108.0
Brevard,2021-2024,0.9702471469631485,98.21482881778891,6.705128205128205,7.130434782608695,78.0,69.0
Wis.-Whitewater,2021-2024,0.9689879065678431,98.13927439407058,9.175257731958762,9.783505154639176,97.0,97.0
Kean,2021-2024,0.9676324606646209,98.05794763987726,7.101010101010101,7.59375,99.0,64.0
Dominican (IL),2021-2024,0.9674056552486237,98.04433931491742,5.8,6.205479452054795,50.0,73.0
Saint Vincent,2021-2024,0.9667705521844117,98.0062331310647,6.1,6.5353535353535355,50.0,99.0
Waynesburg,2021-2024,0.9663218668245686,97.97931200947411,5.016129032258065,5.379310344827586,62.0,87.0
Sewanee,2021-2024,0.9658930976631401,97.9535858597884,4.863636363636363,5.220588235294118,66.0,68.0
UChicago,2021-2024,0.9646370036062104,97.87822021637263,7.061224489795919,7.6,49.0,105.0
DePauw,2021-2024,0.9640102881959817,97.8406172917589,6.583333333333333,7.095238095238095,48.0,105.0
FDU-Florham,2021-2024,0.9625099846970644,97.75059908182386,5.2625,5.690140845070423,80.0,71.0
Wilson,2021-2024,0.9622041451759422,97.73224871055653,8.875,9.602564102564102,72.0,78.0
St. Mary's (MD),2021-2024,0.9619306796463221,97.71584077877932,6.75,7.3076923076923075,48.0,52.0
Lebanon Valley,2021-2024,0.9606531960760352,97.6391917645621,7.3580246913580245,7.988095238095238,81.0,84.0
Keuka,2021-2024,0.9597040868990983,97.5822452139459,5.277777777777778,5.741573033707865,36.0,89.0
Simpson,2021-2024,0.9590896349765949,97.54537809859569,4.870967741935484,5.3061224489795915,62.0,98.0
Centenary (LA),2021-2024,0.9567566181406411,97.40539708843846,7.1020408163265305,7.776119402985074,49.0,67.0
Wheaton (MA),2021-2024,0.9558826819178423,97.35296091507054,6.788461538461538,7.447058823529412,52.0,85.0
Moravian,2021-2024,0.954871661053926,97.29229966323555,5.607142857142857,6.164835164835165,56.0,91.0
Purchase,2021-2024,0.9536099281577872,97.21659568946723,5.861538461538461,6.4625,65.0,80.0
Muskingum,2021-2024,0.9529826688452722,97.17896013071633,6.75,7.4523809523809526,64.0,84.0
Hobart,2021-2024,0.9500122867337799,97.0007372040268,5.954545454545454,6.617647058823529,22.0,34.0
Ithaca,2021-2024,0.9484513037217208,96.90707822330324,7.638297872340425,8.518518518518519,47.0,108.0
Kalamazoo,2021-2024,0.9484078259856422,96.90446955913853,8.280701754385966,9.235849056603774,57.0,106.0
Farmingdale St.,2021-2024,0.9483885964350636,96.90331578610382,6.540983606557377,7.295774647887324,61.0,71.0
Hood,2021-2024,0.9480286108638837,96.88171665183302,4.733333333333333,5.283783783783784,75.0,74.0
Messiah,2021-2024,0.9478827570458461,96.87296542275077,6.430555555555555,7.180722891566265,72.0,83.0
Clark (MA),2021-2024,0.947313415504056,96.83880493024336,5.76595744680851,6.446808510638298,47.0,47.0
Immaculata,2021-2024,0.9468468079025829,96.81080847415498,7.391304347826087,8.272727272727273,69.0,88.0
Olivet,2021-2024,0.9465727414727244,96.79436448836346,4.6923076923076925,5.255102040816326,39.0,98.0
Wartburg,2021-2024,0.9460390565983485,96.76234339590091,5.833333333333333,6.540816326530612,66.0,98.0
Dickinson,2021-2024,0.9458430012239067,96.7505800734344,6.979591836734694,7.829545454545454,49.0,88.0
CWRU,2021-2024,0.945688198094431,96.74129188566586,7.313432835820896,8.206896551724139,67.0,87.0
Capital,2021-2024,0.9456864314885942,96.74118588931564,4.612903225806452,5.176470588235294,62.0,85.0
Thiel,2021-2024,0.9451311249172534,96.7078674950352,5.578125,6.267441860465116,64.0,86.0
Franklin & Marshall,2021-2024,0.9435632571199357,96.61379542719615,6.863636363636363,7.739130434782608,44.0,92.0
Occidental,2021-2024,0.9427646160135993,96.56587696081596,5.424657534246576,6.127659574468085,73.0,47.0
Wabash,2021-2024,0.9425400044192869,96.55240026515722,6.969230769230769,7.876404494382022,65.0,89.0
Buena Vista,2021-2024,0.9425218366698621,96.55131020019174,7.0,7.911504424778761,57.0,113.0
Saint Mary's (MN),2021-2024,0.9425194097045791,96.55116458227475,5.5,6.216216216216216,40.0,74.0
Belhaven,2021-2024,0.9419623212118169,96.51773927270901,5.913043478260869,6.691489361702128,69.0,94.0
Methodist,2021-2024,0.9374274930098243,96.24564958058946,7.406593406593407,8.46875,91.0,64.0
Pacific Lutheran,2021-2024,0.9334535921329854,96.00721552797913,5.82258064516129,6.71875,62.0,96.0
Texas-Dallas,2021-2024,0.9332587997452388,95.99552798471433,7.635294117647059,8.814432989690722,85.0,97.0
Linfield,2021-2024,0.9302735179003876,95.81641107402325,5.0256410256410255,5.842105263157895,78.0,76.0
Bard,2021-2024,0.9299577100963072,95.79746260577843,5.306451612903226,6.173076923076923,62.0,52.0
Allegheny,2021-2024,0.9298922162498402,95.79353297499041,6.316666666666666,7.349397590361446,60.0,83.0
Baruch,2021-2024,0.9298149284424777,95.78889570654866,6.375,7.4186046511627906,32.0,43.0
Wilkes,2021-2024,0.9295273041225987,95.77163824735592,5.753623188405797,6.7,69.0,80.0
NYU,2021-2024,0.9270290618789874,95.62174371273923,8.045454545454545,9.423728813559322,44.0,59.0
McDaniel,2021-2024,0.926916821287129,95.61500927722774,7.203703703703703,8.44,54.0,75.0
Webster,2021-2024,0.9265661977764443,95.59397186658666,7.309859154929577,8.571428571428571,71.0,112.0
Monmouth (IL),2021-2024,0.9258923609291041,95.55354165574624,6.035714285714286,7.0886075949367084,56.0,79.0
Bowdoin,2021-2024,0.9190929195646139,95.14557517387684,5.852941176470588,6.985714285714286,34.0,70.0
Averett,2021-2024,0.917067908633266,95.02407451799596,4.5,5.397058823529412,78.0,68.0
MCLA,2021-2024,0.9163866803851949,94.98320082311169,4.32258064516129,5.192771084337349,31.0,83.0
Centenary (NJ),2021-2024,0.9152418374177602,94.91451024506561,5.776315789473684,6.958333333333333,76.0,48.0
Augsburg,2021-2024,0.9108598028477546,94.65158817086528,4.027777777777778,4.903846153846154,36.0,104.0
Trinity (TX),2021-2024,0.9100149180612304,94.60089508367382,7.391304347826087,9.017543859649123,69.0,57.0
Pitt.-Bradford,2021-2024,0.9081642094873851,94.4898525692431,4.290322580645161,5.258064516129032,31.0,93.0
Rivier,2021-2024,0.9081565683693842,94.48939410216305,3.914285714285714,4.797297297297297,35.0,74.0
Wesleyan (CT),2021-2024,0.9080230753191391,94.48138451914835,6.387096774193548,7.830508474576271,31.0,59.0
Millikin,2021-2024,0.9062379926616271,94.37427955969763,6.043478260869565,7.441860465116279,92.0,86.0
Penn College,2021-2024,0.9054152277771101,94.32491366662661,5.854166666666667,7.223404255319149,48.0,94.0
St. Joseph's (Brkln),2021-2024,0.9049250958179853,94.29550574907913,5.042553191489362,6.229508196721311,47.0,61.0
Fredonia,2021-2024,0.8964606892806171,93.78764135683703,4.447368421052632,5.6117647058823525,38.0,85.0
Hamline,2021-2024,0.8945037203614195,93.67022322168516,4.319148936170213,5.477064220183486,47.0,109.0
Lewis & Clark,2021-2024,0.8929604054490903,93.57762432694543,6.05,7.702127659574468,60.0,94.0
Fisher,2021-2024,0.8889544832894638,93.33726899736783,7.645161290322581,9.833333333333334,31.0,36.0
Concordia (TX),2021-2024,0.8843068458927099,93.0584107535626,5.175675675675675,6.737704918032787,74.0,61.0
Chatham,2021-2024,0.8840815327048737,93.04489196229243,5.140350877192983,6.695652173913044,57.0,92.0
Dubuque,2021-2024,0.883907185834492,93.03443115006952,5.3478260869565215,6.969072164948454,69.0,97.0
Oberlin,2021-2024,0.8775381812723344,92.65229087634006,4.857142857142857,6.436619718309859,49.0,71.0
Martin Luther,2021-2024,0.8694117126057976,92.16470275634786,3.4186046511627906,4.63013698630137,43.0,73.0
Kenyon,2021-2024,0.865406660138299,91.92439960829795,5.783783783783784,7.919540229885057,37.0,87.0
Curry,2021-2024,0.8564225879850191,91.38535527910115,3.8793103448275863,5.445945945945946,58.0,74.0
Central (IA),2021-2024,0.8495061118169751,90.9703667090185,4.382978723404255,6.275,47.0,80.0
Medaille,2021-2024,0.8412131599669762,90.47278959801858,3.108108108108108,4.558139534883721,37.0,43.0
Chapman,2021-2024,0.8371072157384456,90.22643294430674,6.206521739130435,9.21311475409836,92.0,61.0
Northland,2021-2024,0.8214225556746579,89.28535334047947,3.7058823529411766,5.77,34.0,100.0
Lyon,2021-2024,0.8189181192830197,89.13508715698119,4.875,7.65,16.0,20.0
Iowa Wesleyan,2021-2024,0.7730391035902127,86.38234621541277,2.727272727272727,5.0,11.0,19.0
Saint Joseph (CT),2021-2024,0.7542826338697441,85.25695803218466,3.7333333333333334,7.35,15.0,20.0
Finlandia,2021-2024,100.0,100.0,100.0,3.1948051948051948,0.0,77.0
