Team,GP,Conference,AB,BB,IBB,SF,HBP,PA,H,2B,3B,HR,R,SB,Picked,Sac,wRC,Batting,Baserunning,Adjustment,WAR,K,CS,RBI,GS,Season,Division,PF,1B,SB%,BB%,K%,BA,SlgPct,OBPct,ISO,OPS+,R/PA,wOBA,bat_team,REA,WPA,WPA/LI,li,Clutch
AUM,10,Gulf South,353,43,3,3,21,423,85,22,4,5,53,9,2,4,59.86681747951785,-11.333300468137331,-1.903672079793702,16.51729162784507,0.10081184120458733,55,3,50,10,2025,2,105.88085036333308,54,75.0,10.16548463356974,13.002364066193852,0.24079320113314448,0.36827195467422097,0.35933806146572106,0.1274787535410765,81.82090751519557,0.12529550827423167,0.3486258992805756,AUM,-222.48000000000002,1.5846000000000025,1.3851062576563598,1.2119626168224298,-0.07764018732939904
Adams St.,12,RMAC,368,57,0,3,7,435,94,18,1,8,48,13,5,4,62.10229817666049,-23.969404714071672,-0.14150020496358962,4.153258618394782,-0.5089345120834619,106,3,42,12,2025,2,111.95002995938566,67,81.25,13.10344827586207,24.367816091954023,0.2554347826086957,0.375,0.3632183908045977,0.11956521739130432,84.44954559754099,0.1103448275862069,0.3498528735632184,Adams St.,-249.984,-1.2067999999999979,0.1283934855419318,1.1823356807511738,-1.1490850028894257
Alabama Huntsville,11,Gulf South,307,59,0,6,23,395,88,24,2,5,78,15,2,13,81.02593228802502,16.112964962063565,0.45679029089781187,19.198091308398777,2.9750251643967043,59,3,61,11,2025,2,103.54019103157913,57,83.33333333333334,14.936708860759493,14.936708860759493,0.28664495114006516,0.42671009771986973,0.43037974683544306,0.14006514657980457,114.29263963499734,0.19746835443037974,0.4091620253164558,Alabama Huntsville,-164.688,3.336399999999999,2.5156621861979143,0.8074358974358975,1.616430541652195
Albany St. (GA),10,SIAC,317,64,3,6,24,414,85,18,2,9,74,6,0,4,83.54442285263123,3.5707227771681462,-1.195936185932318,8.763771862105683,1.909577772752877,69,6,69,10,2025,2,100.18800690130116,56,50.0,15.458937198067632,16.666666666666664,0.26813880126182965,0.4227129337539432,0.4251207729468599,0.15457413249211355,111.96837314493374,0.178743961352657,0.40422794117647054,Albany St. (GA),-159.472,4.3092,2.957522361591185,1.1901259111994698,0.6632710010682059
American Int'l,1,NE10,35,2,0,1,1,39,9,1,0,0,4,2,0,0,2.942911000094664,-3.346737198582635,0.21261491940921962,1.1439619326500732,0.44967933904213964,16,0,4,1,2025,2,95.98086368430286,8,100.0,5.128205128205128,41.02564102564102,0.2571428571428571,0.2857142857142857,0.3076923076923077,0.02857142857142858,48.52488164935136,0.10256410256410256,0.28584615384615386,American Int'l,-22.648,-0.2829999999999997,-0.176567565048881,0.9211538461538461,-0.1306558169970477
Anderson (SC),10,SAC,327,41,0,4,15,387,91,23,3,5,58,20,1,6,64.30739938369435,-4.342684205348736,0.9053659071310562,12.23527538932517,1.100696448674431,54,8,52,10,2025,2,98.105919068146,60,71.42857142857143,10.594315245478036,13.953488372093023,0.2782874617737003,0.41284403669724773,0.3798449612403101,0.13455657492354745,97.89272044020308,0.14987080103359174,0.3721111111111111,Anderson (SC),-183.31,0.6992000000000008,0.7463548235785693,0.6447743467933491,0.3380555650749595
Angelo St.,12,Lone Star,373,71,0,9,34,487,152,37,2,11,136,33,3,6,152.45415006742815,49.70250653353344,0.9890565998025722,9.343181152668707,4.269858615998422,47,3,124,12,2025,2,106.20227981366205,102,91.66666666666666,14.579055441478438,9.650924024640657,0.4075067024128686,0.6058981233243967,0.5277207392197125,0.19839142091152812,182.75107771017954,0.2792607802874743,0.5117926078028748,Angelo St.,-122.048,4.210199999999997,3.9843466683773694,0.6118729096989967,2.8964939984714912
Ark.-Fort Smith,9,Mid-America Intercollegiate,294,37,0,5,18,354,83,17,0,6,58,10,0,6,59.42809889255221,0.5249091944708248,0.751920497751805,14.331713563157194,1.1850253011591476,62,2,50,9,2025,2,93.65117584741192,60,83.33333333333334,10.451977401129943,17.51412429378531,0.282312925170068,0.4013605442176871,0.3898305084745763,0.11904761904761907,97.69416116194569,0.1638418079096045,0.3737344632768361,Ark.-Fort Smith,-163.184,2.0478000000000005,1.8043859275609997,1.1966440422322775,-0.09310009173304912
Ark.-Monticello,10,GAC,290,69,0,5,12,376,83,14,5,8,81,22,3,4,80.83098341205881,14.437073167564073,3.4913374571775853,7.294614401703714,2.5827782212232955,63,3,73,10,2025,2,105.11048345137348,56,88.0,18.351063829787233,16.75531914893617,0.28620689655172415,0.4517241379310345,0.43617021276595747,0.16551724137931034,121.83589954379283,0.2154255319148936,0.4185265957446808,Ark.-Monticello,-143.256,2.3403999999999994,2.2019061981815637,0.8837981407702523,0.4462098048236949
Arkansas Tech,9,GAC,302,37,1,2,16,358,69,11,4,6,50,24,0,2,45.2227210290645,-17.068910525234706,0.44530834110754547,12.581930520431252,0.3507856922148145,78,2,41,9,2025,2,103.5947991020436,48,92.3076923076923,10.335195530726256,21.787709497206702,0.22847682119205298,0.3509933774834437,0.3435754189944134,0.12251655629139074,73.57340487263284,0.13966480446927373,0.33352247191011236,Arkansas Tech,-189.616,0.9344000000000011,0.48239895376317327,1.089373601789709,0.3753416766917
Ashland,3,G-MAC,98,19,0,1,4,122,26,7,0,3,19,6,1,0,22.44448273215733,3.552367666216443,0.5675655992190717,2.5338839345135096,0.8711300129977417,27,2,18,3,2025,2,103.3153521454799,16,75.0,15.573770491803279,22.131147540983605,0.2653061224489796,0.42857142857142855,0.4016393442622951,0.16326530612244894,107.32244201715515,0.1557377049180328,0.38904098360655737,Ashland,-63.944,1.3518000000000008,0.4410171698038931,1.303525641025641,0.5960165159595694
Assumption,3,NE10,102,14,0,0,4,120,23,3,0,0,17,1,0,2,11.768529842562566,-8.778821140970287,0.396339741468105,3.7851438839345133,0.5901969251528874,32,1,14,3,2025,2,101.82780145530664,20,50.0,11.666666666666666,26.666666666666668,0.22549019607843138,0.2549019607843137,0.3416666666666667,0.02941176470588233,49.84619294428736,0.14166666666666666,0.30735000000000007,Assumption,-65.944,0.17780000000000037,-0.20406913991782902,0.850900900900901,0.4130241425647325
Augusta,12,Peach Belt,390,73,0,7,13,483,88,10,2,9,64,19,2,2,62.851981407060904,-23.882653404666456,-1.9080042198574576,14.76915932383868,-0.27293417926100033,132,5,51,12,2025,2,111.91772023929876,67,79.16666666666666,15.113871635610765,27.32919254658385,0.22564102564102564,0.33076923076923076,0.36024844720496896,0.10512820512820512,72.98798867549401,0.13250517598343686,0.33783643892339543,Augusta,-251.326,0.7696000000000023,0.8495952724471233,0.8387978142076503,0.06790831061476865
Augustana (SD),4,NSIC,139,24,1,4,6,174,45,11,1,3,45,9,1,3,38.715133548033045,6.593661560001355,-1.8974491710368429,3.01589964062292,1.316602051521735,33,3,42,4,2025,2,109.07869332033157,30,75.0,13.793103448275861,18.96551724137931,0.3237410071942446,0.48201438848920863,0.4367816091954023,0.15827338129496404,129.3177766628136,0.25862068965517243,0.42405232558139533,Augustana (SD),-55.376000000000005,1.0805999999999993,0.9613981180872001,0.7591463414634146,0.46204284576822074
Azusa Pacific,11,PacWest,382,32,1,1,13,429,114,18,3,20,76,6,2,0,80.10861406097821,6.98394134832528,-2.357574854918953,10.166899773725541,1.6008787421586606,98,3,72,11,2025,2,104.1282434510248,73,66.66666666666666,7.459207459207459,22.843822843822846,0.29842931937172773,0.518324607329843,0.372960372960373,0.21989528795811525,121.61989786947953,0.17715617715617715,0.3921405152224825,Azusa Pacific,-197.40800000000002,2.436600000000001,2.6393888920348703,1.122514071294559,-0.46872567959963574
Barry,9,Sunshine State,289,34,1,1,12,337,83,15,0,5,42,32,6,5,54.441665121392816,-3.4792772846030435,-0.5445772383052152,12.59843790762678,0.5959149272141928,63,6,37,9,2025,2,108.14445960925968,63,84.21052631578947,10.089020771513352,18.694362017804153,0.28719723183391005,0.39100346020761245,0.3857566765578635,0.1038062283737024,94.13808144226216,0.12462908011869436,0.36864776119402987,Barry,-177.476,0.9988000000000008,1.1508010152708192,1.096689497716895,-0.24006009719025234
Barton,13,Conference Carolinas,445,41,0,10,19,515,128,24,2,5,84,16,0,4,74.81128652596087,-23.341643565225656,0.9589125879041026,14.70478051377612,-0.06692565320835343,56,4,78,13,2025,2,104.46634960396877,97,80.0,7.961165048543689,10.87378640776699,0.2876404494382023,0.3842696629213483,0.3650485436893204,0.09662921348314601,87.16341475178862,0.16310679611650486,0.35223106796116505,Barton,-233.488,2.336000000000001,1.9536432592744541,1.0487281399046104,0.2738167574010568
Belmont Abbey,11,Conference Carolinas,358,52,0,2,39,451,109,34,1,5,100,26,0,3,99.69393811781393,15.385542022491672,3.0612001608162123,7.63796805537069,1.5621839181094221,73,5,89,11,2025,2,102.32158599461992,69,83.87096774193549,11.529933481152993,16.186252771618626,0.30446927374301674,0.44692737430167595,0.4434589800443459,0.1424581005586592,122.55789628607738,0.22172949002217296,0.4243037694013304,Belmont Abbey,-155.958,3.144399999999999,3.1297675997983787,0.8182115270350564,0.7132484126920895
Benedict,2,SIAC,59,13,0,0,3,75,13,1,1,4,11,3,0,1,13.984931572211487,-1.1717389761220378,0.8458774483701161,2.107993344868894,0.12411378628654204,10,0,11,2,2025,2,105.42461181018878,7,100.0,17.333333333333336,13.333333333333334,0.22033898305084745,0.4745762711864407,0.38666666666666666,0.2542372881355932,114.58049689258418,0.14666666666666667,0.39141333333333334,Benedict,-38.152,0.29960000000000025,0.687586407993989,1.410763888888889,-0.4752191916513848
Bentley,3,NE10,109,16,0,1,3,129,30,4,1,4,22,1,0,3,22.07687935993457,1.7217070973617896,-1.6162376617795575,3.3972202848396114,0.8985570652528391,30,1,20,3,2025,2,93.93632392062348,21,50.0,12.4031007751938,23.25581395348837,0.27522935779816515,0.44036697247706424,0.3798449612403101,0.1651376146788991,104.54762357725924,0.17054263565891473,0.37683720930232556,Bentley,-60.944,0.529600000000001,0.2687298854850951,1.0406926406926407,0.24016196143670282
Biola,11,PacWest,324,24,0,1,7,356,77,7,2,6,39,8,0,4,30.88533464229418,-29.593177577003676,0.6947677391974016,21.061775322773858,-0.3513695758943296,78,6,37,11,2025,2,103.79326923076924,62,57.14285714285714,6.741573033707865,21.910112359550563,0.23765432098765432,0.3271604938271605,0.30337078651685395,0.08950617283950618,57.43062037674509,0.10955056179775281,0.2965898876404494,Biola,-206.76,-0.5165999999999982,-0.5259850458795087,0.869476520400308,-0.06816555839690697
Bloomsburg,4,PSAC,116,14,0,0,3,133,22,4,0,0,12,1,2,1,7.34466316225763,-14.319217234282847,0.2688465100730425,6.236490882470384,-0.07252584739455636,48,1,11,4,2025,2,112.04508967704444,18,50.0,10.526315789473683,36.09022556390977,0.1896551724137931,0.22413793103448276,0.2932330827067669,0.03448275862068967,29.902925215178477,0.09022556390977443,0.2666015037593985,Bloomsburg,-86.304,-0.3125999999999996,-0.31104890538715063,0.8390269151138717,-0.06152555482259592
Bluefield St.,8,DII Independent,201,34,0,2,9,246,48,12,1,0,26,8,2,1,32.94557029923013,9.267877104439801,-3.7593543741453863,11.801131106082789,1.4554118562922806,68,8,22,8,2025,2,104.18436433287712,35,50.0,13.821138211382115,27.64227642276423,0.23880597014925373,0.30845771144278605,0.3699186991869919,0.06965174129353233,70.08986506668056,0.10569105691056911,0.3414471544715448,Bluefield St.,-139.888,-0.14239999999999947,-0.16122201819931448,0.8709129511677284,-0.002284563955731206
CSU Pueblo,12,RMAC,384,68,1,8,14,475,126,37,6,8,116,20,3,8,111.43005935770071,30.437022360116536,3.4206586150382874,18.782105151071477,4.039197162332835,89,9,110,12,2025,2,95.88365651176412,75,68.96551724137932,14.315789473684209,18.736842105263158,0.328125,0.5182291666666666,0.44,0.19010416666666663,138.90525314274598,0.24421052631578946,0.43720930232558136,CSU Pueblo,-166.624,7.033999999999999,4.462669509211983,1.0902086677367577,1.9893063447338344
CSUSB,10,CCAA,367,83,0,7,19,476,144,32,2,21,143,17,0,3,151.0776289433215,54.548603672094515,0.28024144313065374,21.240055104485556,5.489349773614135,61,6,130,10,2025,2,115.85376774369072,89,73.91304347826086,17.436974789915965,12.815126050420167,0.3923705722070845,0.662125340599455,0.5168067226890757,0.26975476839237056,193.52872344056004,0.3004201680672269,0.515922268907563,CSUSB,-99.688,5.3871999999999955,5.746051532613528,0.8370462046204621,0.6899133762085459
CUI,8,PacWest,247,19,0,4,8,278,72,7,2,4,46,14,1,9,38.48426553379781,-5.4907640164761204,1.396552145531525,6.51381498735525,0.7324040921249299,42,1,42,8,2025,2,96.92141337544732,59,93.33333333333333,6.83453237410072,15.107913669064748,0.291497975708502,0.38461538461538464,0.35611510791366907,0.09311740890688264,84.9405551706491,0.16546762589928057,0.34573381294964023,CUI,-138.32,1.241800000000001,0.9484671615975284,0.8199208443271768,0.5660692824893592
Cal Poly Pomona,9,CCAA,308,30,1,4,14,357,86,11,1,9,48,5,0,3,54.6740062617615,-7.212055370580563,-3.1046592928237198,12.028933049381072,0.2752298549241652,73,6,41,9,2025,2,98.56135659150308,65,45.45454545454545,8.403361344537815,20.448179271708682,0.2792207792207792,0.4090909090909091,0.36694677871148457,0.1298701298701299,93.65515367449318,0.13445378151260504,0.3592478873239437,Cal Poly Pomona,-181.31,1.1796000000000018,1.582845014314542,1.3630044843049327,-0.7174039878299215
Cal St. Dom. Hills,9,CCAA,318,45,1,6,10,380,90,20,1,14,69,4,0,1,70.09030828226363,-6.273753574980802,0.3476804165224557,12.31286010914415,-0.4039803981144505,74,1,64,9,2025,2,114.77657333952376,55,80.0,11.842105263157894,19.473684210526315,0.2830188679245283,0.48427672955974843,0.38421052631578945,0.20125786163522014,116.29188592340421,0.18157894736842106,0.38892592592592595,Cal St. Dom. Hills,-165.544,2.096,2.0721773060875384,0.9892339544513458,0.04663391199534139
Cal St. East Bay,7,CCAA,222,36,0,2,5,265,57,9,2,4,34,15,2,3,38.97753284501757,-5.018918534096493,2.5956454872875057,7.900435511779581,1.2386366986787705,42,2,27,7,2025,2,94.25850035890473,42,88.23529411764706,13.584905660377359,15.849056603773585,0.25675675675675674,0.36936936936936937,0.36981132075471695,0.11261261261261263,84.79026487407238,0.12830188679245283,0.3539622641509434,Cal St. East Bay,-138.032,0.6979999999999996,1.3846560523328153,1.093199233716475,-0.7461631056930189
Cal St. Monterey Bay,7,CCAA,230,37,0,3,13,283,57,11,0,8,40,3,0,0,45.19885858848923,-6.157733069808726,0.771447601866485,13.146483162518301,1.182903456175516,42,1,32,7,2025,2,103.33160559318247,38,75.0,13.074204946996467,14.840989399293287,0.24782608695652175,0.4,0.37809187279151946,0.15217391304347827,94.33448290235597,0.1413427561837456,0.36597173144876327,Cal St. Monterey Bay,-131.032,1.7356000000000007,1.5160783109930192,1.2530917874396135,-0.13102414545078478
Cal St. San Marcos,5,CCAA,160,32,1,5,14,212,46,14,1,8,51,10,1,3,50.14531434806635,11.055064704411462,2.1654710607778025,7.855865566351657,2.1213974978966315,23,2,42,5,2025,2,105.04424778761062,23,83.33333333333334,15.09433962264151,10.849056603773585,0.2875,0.5375,0.4386792452830189,0.25,143.22384546482175,0.24056603773584906,0.43776190476190474,Cal St. San Marcos,-65.736,2.4077999999999986,2.511780068958324,0.7171856978085351,0.8455094131902752
Cal State LA,6,CCAA,195,34,1,1,4,235,48,8,0,1,31,3,2,1,30.949701120444228,-11.502448814386101,-1.0480338315437976,10.696786902701984,0.20718018812173333,45,3,24,6,2025,2,102.8472773553917,39,50.0,14.468085106382977,19.148936170212767,0.24615384615384617,0.30256410256410254,0.3702127659574468,0.056410256410256376,68.74074378332654,0.13191489361702127,0.3373347639484979,Cal State LA,-128.744,0.5190000000000005,0.38798814603215437,1.2220765027322404,0.036698850927245064
Cameron,12,Lone Star,373,55,2,5,25,460,101,16,6,11,84,11,2,5,85.4898302863158,-5.221848464281295,-3.326569737042041,-5.0314516171968595,-0.8589989898674636,97,4,73,12,2025,2,98.10299582150644,68,73.33333333333333,11.956521739130435,21.086956521739133,0.2707774798927614,0.4343163538873995,0.3978260869565217,0.16353887399463807,107.72702034990256,0.1826086956521739,0.3896469298245614,Cameron,-179.048,2.2882000000000025,2.0144235071092944,1.058534946236559,0.14724343467218226
Carson-Newman,11,SAC,331,57,1,4,23,416,112,31,3,5,98,14,1,7,102.38961443880308,23.702445872646578,-1.7509840941710397,12.207212831092772,2.9680678464029384,47,7,87,11,2025,2,105.01392523386264,73,66.66666666666666,13.701923076923078,11.298076923076923,0.338368580060423,0.4954682779456193,0.4639423076923077,0.15709969788519634,139.58326379525454,0.23557692307692307,0.44820531400966185,Carson-Newman,-138.31300000000002,3.5031999999999983,2.792214209233059,0.6383240911891559,2.6959070262881744
Catawba,11,SAC,373,57,0,6,20,456,107,20,3,5,73,28,1,7,81.12146492644857,-3.30288780074666,0.945140228488718,3.9634236656462125,0.08702952088814064,73,4,59,11,2025,2,102.65825493154588,79,87.5,12.5,16.00877192982456,0.2868632707774799,0.3967828418230563,0.40350877192982454,0.10991957104557637,100.11877937645642,0.1600877192982456,0.383265350877193,Catawba,-215.768,2.580599999999999,1.4901128189509876,0.9209639953542392,1.3119511195066698
Cedarville,7,G-MAC,216,32,1,0,11,260,55,9,2,3,39,9,2,2,39.985531993465145,1.8568792541800498,0.19002528254558448,7.527368561160654,1.0132551375443666,53,3,28,7,2025,2,98.49635651197988,41,75.0,12.307692307692308,20.384615384615383,0.25462962962962965,0.35648148148148145,0.38076923076923075,0.1018518518518518,84.50317674312964,0.15,0.3599263565891473,Cedarville,-135.104,0.4081999999999999,0.6583995171877922,1.0463644948064212,-0.2682868919734615
Central Mo.,7,Mid-America Intercollegiate,227,54,0,5,3,289,70,13,6,2,66,33,2,3,62.605266153172565,13.112960307328853,1.2127203945582954,7.6346665779315845,1.7051782180756652,46,6,60,7,2025,2,96.50593449239892,49,84.61538461538461,18.685121107266436,15.916955017301039,0.30837004405286345,0.44493392070484583,0.43944636678200694,0.13656387665198239,121.03990458768772,0.22837370242214533,0.4200968858131488,Central Mo.,-99.888,3.1850999999999994,2.1701112126991573,1.0563492063492064,0.8450848804638773
Central Okla.,11,Mid-America Intercollegiate,359,66,1,4,14,444,101,34,4,15,89,27,1,5,95.69117619949586,15.35211416868872,4.77670701238716,16.746744309862905,2.311698741794858,96,1,76,11,2025,2,102.1973942379628,48,96.42857142857143,14.864864864864865,21.62162162162162,0.28133704735376047,0.5236768802228412,0.4099099099099099,0.24233983286908073,132.45375909350665,0.20045045045045046,0.4187398190045249,Central Okla.,-181.336,4.7276,3.726431895699007,1.004958183990442,0.9778434416367836
Central Wash.,11,Great Northwest,415,35,3,3,9,465,116,25,0,11,69,3,1,4,67.75683862888894,-13.334151166834388,-0.5398622237184002,16.202000532410487,-0.26210113990000466,90,2,65,11,2025,2,114.36450922133145,80,60.0,7.526881720430108,19.35483870967742,0.27951807228915665,0.41927710843373495,0.35053763440860214,0.1397590361445783,91.88157635818132,0.14838709677419354,0.3506078431372549,Central Wash.,-240.18200000000002,1.8384000000000018,1.1648613923934332,0.8294361525704809,1.051584073966661
Chaminade,7,PacWest,209,35,0,3,15,262,42,8,1,2,37,12,1,2,29.814812764042884,-14.084713540367014,1.8385777530823535,12.61659603354186,0.6652135117286915,57,1,34,7,2025,2,102.42592442754268,31,92.3076923076923,13.358778625954198,21.755725190839694,0.20095693779904306,0.27751196172248804,0.3511450381679389,0.07655502392344499,57.76031986424677,0.14122137404580154,0.32230534351145046,Chaminade,-138.104,1.7302000000000013,0.4841298533818354,0.9667142857142857,1.3056440493815764
Charleston (WV),3,MEC,92,9,0,1,1,103,26,4,2,4,18,8,1,2,17.25479147974528,2.4685340187090374,-1.11399518210327,7.0519558099294555,0.9594702655339717,23,1,18,3,2025,2,93.47416717631752,16,88.88888888888889,8.737864077669903,22.330097087378643,0.2826086956521739,0.5,0.34951456310679613,0.2173913043478261,111.13581420145864,0.17475728155339806,0.37339805825242717,Charleston (WV),-58.800000000000004,0.1924000000000001,0.002726580598440888,0.5657952069716775,0.33732578751861747
Chico St.,9,CCAA,298,24,1,2,19,344,87,15,2,5,49,9,1,3,56.80106436450075,-4.983566178946776,-3.051808824788269,14.671765739385066,0.8081101735043381,57,3,43,9,2025,2,102.23587533971563,65,75.0,6.976744186046512,16.569767441860463,0.29194630872483224,0.40604026845637586,0.3808139534883721,0.11409395973154363,96.49778102675563,0.14244186046511628,0.3702309941520468,Chico St.,-175.256,1.6710000000000014,1.3464448815680392,1.1029680365296803,0.16855822337917803
Chowan,7,Conference Carolinas,223,24,0,1,4,252,50,7,1,2,24,6,1,2,20.881946318172133,-30.582659520347114,2.2794617162067587,10.145440170371355,-0.3186875961390439,52,0,22,7,2025,2,112.47560160798568,40,100.0,9.523809523809524,20.634920634920633,0.2242152466367713,0.2914798206278027,0.30952380952380953,0.06726457399103139,50.39181909770942,0.09523809523809523,0.2928888888888889,Chowan,-149.708,-0.23659999999999837,-0.09666148178913272,0.7685410334346504,-0.21119455934197054
Christian Brothers,10,Gulf South,305,45,0,4,10,364,88,16,2,7,59,21,0,4,64.02552895566797,5.581115800065682,-0.6128347546067339,9.287056036203913,1.0763721208874475,67,2,54,10,2025,2,101.32294078817289,63,91.30434782608695,12.362637362637363,18.40659340659341,0.28852459016393445,0.42295081967213116,0.39285714285714285,0.13442622950819672,103.6960006488668,0.1620879120879121,0.3813598901098901,Christian Brothers,-157.395,2.7737999999999987,2.2789247276103772,0.8905614035087719,0.8357397852141752
Claflin,8,Peach Belt,235,32,1,5,8,281,63,12,2,1,49,8,1,6,39.69901795822222,-12.019678872196849,-0.19755574708276447,9.55942792493012,0.3811422738493715,47,2,43,8,2025,2,114.54754200880345,48,80.0,11.387900355871885,16.72597864768683,0.2680851063829787,0.34893617021276596,0.3701067615658363,0.08085106382978724,79.92590081684487,0.17437722419928825,0.34841935483870967,Claflin,-132.248,1.5106000000000004,0.7683387413542413,1.074554367201426,0.637453321018753
Clarion,3,PSAC,83,11,0,0,3,97,19,6,0,2,10,0,0,3,12.435134703705476,-0.31890583671166095,0.27132150386879955,5.82380620258219,0.08009093871879024,23,0,9,3,2025,2,93.60171667437326,11,,11.34020618556701,23.711340206185564,0.2289156626506024,0.37349397590361444,0.3402061855670103,0.14457831325301204,78.14405708831083,0.10309278350515463,0.33599999999999997,Clarion,-63.728,0.023000000000000072,0.02716102069030779,1.3024390243902437,-0.009501844660345187
Clark Atlanta,8,SIAC,218,33,0,4,14,269,55,5,1,3,43,18,0,3,38.29473830874968,-12.363082660753573,1.1555040595791315,5.6158131239185405,0.023419375548861626,55,1,30,8,2025,2,97.33695479121424,46,94.73684210526315,12.267657992565056,20.44609665427509,0.25229357798165136,0.3256880733944954,0.379182156133829,0.07339449541284404,76.64773608559862,0.15985130111524162,0.3494684014869889,Clark Atlanta,-119.816,1.4021999999999997,1.0594079525000393,1.05679012345679,0.267440178341082
Coker,13,SAC,401,62,0,8,34,505,121,16,2,3,103,56,2,7,96.15391955432776,3.9352177571728513,4.423036971051454,20.279325169705842,2.967197574011234,53,8,89,13,2025,2,101.17237470929932,100,87.5,12.277227722772277,10.495049504950495,0.30174563591022446,0.3740648379052369,0.4297029702970297,0.07231920199501246,101.38855723684222,0.20396039603960395,0.3951584158415842,Coker,-215.29,3.9483999999999986,2.1569952029706965,0.9722959685349066,1.9039081924733896
Colo. Christian,10,RMAC,323,32,0,3,13,371,91,14,1,15,60,6,1,5,62.56749445831376,-3.81257957529584,-4.171365290521665,10.128932783175827,0.11929224321626991,78,5,56,10,2025,2,100.82343207603284,61,54.54545454545454,8.62533692722372,21.024258760107816,0.28173374613003094,0.47058823529411764,0.3665768194070081,0.1888544891640867,108.42937135038025,0.16172506738544473,0.3744663072776281,Colo. Christian,-182.68800000000002,2.8012000000000015,2.18429669333496,1.0571888412017167,0.4653718340171169
Colo. Sch. of Mines,10,RMAC,315,30,0,10,8,363,93,25,1,7,63,18,0,7,57.22435587574966,-11.059573402548946,-0.7110189047280013,8.517811792892319,-0.1747660723235911,72,6,57,10,2025,2,106.21991970096904,60,75.0,8.264462809917356,19.834710743801654,0.29523809523809524,0.44761904761904764,0.3608815426997245,0.1523809523809524,101.40512233462324,0.17355371900826447,0.3640027548209367,Colo. Sch. of Mines,-188.904,1.0244000000000006,1.2527912248379123,1.0026373626373626,-0.2310858324661449
Colorado Mesa,6,RMAC,201,12,1,3,8,225,51,5,1,4,22,3,2,7,23.13618272925276,-15.41681264476072,-1.967193307461314,9.221026487421803,0.2201752996627239,41,0,20,6,2025,2,96.37408164707196,41,100.0,5.333333333333334,18.22222222222222,0.2537313432835821,0.3482587064676617,0.32,0.09452736318407962,66.82542419423127,0.09777777777777778,0.3116233183856502,Colorado Mesa,-140.816,-0.537999999999999,-0.016147523608740545,1.298984468339307,-0.39802217057382944
Columbus St.,10,Peach Belt,366,45,0,2,10,423,101,15,2,6,61,9,0,6,62.292637621426316,-3.6435493427957657,0.8719784656817328,6.985926261147343,0.738580556765492,68,0,59,10,2025,2,97.99927443999869,78,100.0,10.638297872340425,16.07565011820331,0.27595628415300544,0.3770491803278688,0.36879432624113473,0.10109289617486339,86.38463354729302,0.14420803782505912,0.3541323877068558,Columbus St.,-215.339,1.7160000000000017,1.0964407304565884,0.99812661498708,0.6227800319536134
Concord,5,MEC,174,25,0,1,1,201,54,8,0,0,30,11,1,1,32.316546161371164,-0.36522761225841416,3.3044810440671997,4.891138826034872,0.6166188403171768,38,2,28,5,2025,2,104.65717379046602,46,84.61538461538461,12.437810945273633,18.90547263681592,0.3103448275862069,0.3563218390804598,0.39800995024875624,0.04597701149425287,88.91582136337387,0.14925373134328357,0.36698507462686575,Concord,-86.001,1.0144000000000002,0.47779729648555763,0.9293619791666666,0.6137042096440397
Davenport,4,GLIAC,120,15,0,3,4,142,37,9,0,2,25,6,1,1,25.234505844719017,6.417230558206294,0.06270979387317444,1.4229367762544922,1.1448047962769135,34,2,23,4,2025,2,101.00690295260746,26,75.0,10.56338028169014,23.943661971830984,0.30833333333333335,0.43333333333333335,0.39436619718309857,0.125,106.59604943747763,0.176056338028169,0.3830845070422535,Davenport,-57.944,0.7209999999999994,0.84564811663505,0.7295992714025502,0.14256558951898723
Davis & Elkins,2,MEC,75,9,0,1,1,86,24,2,0,0,16,0,0,2,13.287845966559956,0.04510797941352537,0.15675073832554018,2.434839611340343,0.5037951388302233,22,1,15,2,2025,2,99.59981896851066,22,0.0,10.465116279069768,25.581395348837212,0.32,0.3466666666666667,0.3953488372093023,0.026666666666666672,85.8941989674358,0.18604651162790697,0.3610232558139535,Davis & Elkins,-39.296,0.4500000000000001,0.289045505225767,0.6204861111111112,0.4361923235375236
Delta St.,11,Gulf South,344,57,1,5,18,425,94,17,2,7,74,15,0,2,74.39186276642972,7.250094457212806,0.5894831400576395,17.664555037934246,2.059790866189452,75,2,67,11,2025,2,99.80704171388044,68,88.23529411764706,13.411764705882353,17.647058823529413,0.27325581395348836,0.3953488372093023,0.4,0.12209302325581395,98.86614235895375,0.17411764705882352,0.38027186761229315,Delta St.,-182.958,2.8245999999999993,1.8864515661828776,0.8664444444444445,1.3735381747763418
Drury,6,GLVC,205,21,0,2,10,238,61,16,0,5,44,8,2,3,42.44259996061975,5.242359958001762,-0.41890517725359516,4.0987842406495405,1.1276559915088287,38,2,43,6,2025,2,103.21509631312648,40,80.0,8.823529411764707,15.966386554621847,0.2975609756097561,0.44878048780487806,0.3865546218487395,0.15121951219512197,108.31428228092497,0.18487394957983194,0.3836764705882353,Drury,-110.672,0.9956000000000007,0.854936814192671,0.910915867944622,0.23802910619079842
East Central,10,GAC,312,32,0,1,5,350,74,15,0,5,46,5,1,2,34.51047281893577,-30.04595624868739,1.983331763340963,10.599393318248369,-0.15434602781012483,85,4,40,10,2025,2,109.7313411851918,54,55.55555555555556,9.142857142857142,24.285714285714285,0.23717948717948717,0.3333333333333333,0.3171428571428571,0.09615384615384615,62.478883203575485,0.13142857142857142,0.3078542857142858,East Central,-199.76,-0.4117999999999976,0.04461053691650371,0.7902173913043478,-0.5657329578243412
East Stroudsburg,2,PSAC,63,9,0,1,8,81,20,3,2,2,20,6,0,0,20.276722943414274,9.432859907485847,-0.9983758599013711,1.9049524823639024,1.131672231002914,11,0,16,2,2025,2,95.00540678776818,13,100.0,11.11111111111111,13.580246913580247,0.31746031746031744,0.5238095238095238,0.4567901234567901,0.2063492063492064,144.5894640532539,0.24691358024691357,0.4521481481481482,East Stroudsburg,-13.991,0.6889999999999997,0.7212035029298196,0.38828382838283826,1.0532716351917268
Eastern N.M.,12,Lone Star,346,45,0,3,14,408,92,21,2,8,60,18,3,5,64.12151881487046,-28.50666110859551,0.4930712717792579,12.279845334753093,-0.4690125594982777,85,4,54,12,2025,2,115.62376237623762,61,81.81818181818183,11.029411764705882,20.833333333333336,0.2658959537572254,0.407514450867052,0.3700980392156863,0.1416184971098266,94.08757333613731,0.14705882352941177,0.3635441176470588,Eastern N.M.,-210.336,0.7250000000000011,1.3584768742846516,0.9936030428769018,-0.6288092215962914
Eckerd,10,Sunshine State,325,33,0,4,10,372,82,14,1,7,44,6,1,3,44.78822589785352,-14.063520867969315,-0.931507068996251,7.15100013310262,-1.0585667293119447,71,5,41,10,2025,2,100.11629530829089,60,54.54545454545454,8.870967741935484,19.086021505376344,0.2523076923076923,0.36615384615384616,0.33602150537634407,0.11384615384615387,75.28884222157717,0.11827956989247312,0.32858333333333334,Eckerd,-223.264,0.4542000000000015,-0.19956881492435585,1.0530604719764012,0.6308830766281984
Edward Waters,11,SIAC,376,59,0,3,36,474,122,26,4,12,117,41,1,5,116.30914187917367,25.766521969914407,3.517926723643459,14.788968188473312,3.4178493663634284,74,7,104,5,2025,2,98.92228081624128,80,85.41666666666666,12.447257383966246,15.611814345991561,0.324468085106383,0.5106382978723404,0.4578059071729958,0.1861702127659574,141.66698711055608,0.2468354430379747,0.44743881856540085,Edward Waters,-57.592,2.399699999999998,1.3144801206330328,1.0645962732919254,0.9396138116890189
Embry-Riddle (FL),7,Sunshine State,253,30,2,3,15,303,80,15,2,12,60,4,0,4,67.94206760849549,20.53161235121699,-0.42032557157031347,8.984970850525755,2.46010862203,53,3,58,7,2025,2,99.09815319802094,51,57.14285714285714,9.900990099009901,17.491749174917494,0.31620553359683795,0.5335968379446641,0.41914191419141916,0.2173913043478261,137.23589176605842,0.19801980198019803,0.42590635451505016,Embry-Riddle (FL),-123.23,0.9026000000000004,1.937282707818959,0.7169627749576989,-0.6783610015236019
Emmanuel (GA),12,Conference Carolinas,436,62,1,5,29,533,126,19,4,13,105,14,2,5,102.74821527841092,6.943650709428836,0.0011696971669849787,19.538143484626648,2.222117544420146,107,5,103,12,2025,2,98.09819193917254,90,73.68421052631578,11.632270168855536,20.075046904315197,0.2889908256880734,0.44036697247706424,0.4090056285178236,0.15137614678899086,112.07638617003957,0.19699812382739212,0.3972749529190207,Emmanuel (GA),-193.84,3.274600000000001,2.7904319331576053,0.7107708014293006,1.8166790981552374
Emory & Henry,10,SAC,311,29,0,0,13,353,71,8,1,3,37,14,1,4,31.94238322588311,-40.167468564618126,-1.3392898506024997,19.351610009317184,-0.9169358555420513,98,5,30,10,2025,2,113.89769604734728,59,73.68421052631578,8.21529745042493,27.762039660056658,0.2282958199356913,0.28938906752411575,0.32011331444759206,0.06109324758842444,52.6203065599427,0.1048158640226629,0.3001388101983003,Emory & Henry,-221.048,-0.3049999999999979,-0.23143451671357104,1.079962962962963,-0.05098257577931084
Emporia St.,7,Mid-America Intercollegiate,230,28,1,2,9,270,59,13,0,9,34,5,1,5,41.61606561229223,-5.326485013893029,-3.3528337139039825,3.324587781179289,-0.3412754587744507,63,7,31,6,2025,2,98.03751673131929,37,41.66666666666667,10.37037037037037,23.333333333333332,0.2565217391304348,0.43043478260869567,0.3592592592592593,0.17391304347826086,96.8312116121651,0.1259259259259259,0.3600559701492537,Emporia St.,-153.392,0.534000000000001,0.9827239700052556,1.2399096385542168,-0.5520474243961208
Erskine,11,Conference Carolinas,362,51,1,5,22,441,105,14,1,4,87,8,1,14,75.50841708750163,-8.201338174562533,-0.9282462426395046,8.885926527352588,0.34034768959984224,85,4,74,11,2025,2,104.01399289830456,86,66.66666666666666,11.564625850340136,19.27437641723356,0.2900552486187845,0.3674033149171271,0.40589569160997735,0.07734806629834257,93.63122209170713,0.19727891156462585,0.3767425968109339,Erskine,-195.624,3.3420000000000014,2.0951299039172695,0.9797853309481217,1.3158213467674131
Felician,3,CACC,88,8,0,0,0,96,9,2,0,0,5,1,1,2,-5.39442954340526,-17.608776659704084,0.38382417389896484,2.8871420204978033,0.09833604638836473,38,0,5,3,2025,2,101.31140923661404,7,100.0,8.333333333333332,39.58333333333333,0.10227272727272728,0.125,0.17708333333333334,0.02272727272727272,-24.055899691332726,0.052083333333333336,0.16064583333333335,Felician,-77.944,-0.7305999999999986,-0.9877034965602312,0.8998611111111111,0.1758004250985874
Findlay,2,G-MAC,55,11,0,0,4,70,15,2,0,3,20,6,0,0,14.922283838235103,4.184106599114418,0.9415144869392404,2.2912253427392515,0.6805337603003224,19,0,18,2,2025,2,102.46319363729476,10,100.0,15.714285714285714,27.142857142857142,0.2727272727272727,0.4727272727272727,0.42857142857142855,0.2,124.95247848169333,0.2857142857142857,0.4168142857142857,Findlay,-16.864,0.5423999999999995,0.5398223877069849,0.916078431372549,0.05226665338890513
Fla. Southern,10,Sunshine State,330,47,0,7,19,403,107,17,6,13,92,50,0,5,92.22816655933781,26.0570207854699,4.519192907815669,11.822590709436977,3.346167877683727,68,5,84,10,2025,2,103.63610773431115,71,90.9090909090909,11.662531017369728,16.87344913151365,0.3242424242424242,0.5303030303030303,0.4292803970223325,0.20606060606060606,139.0570410447033,0.228287841191067,0.43172456575682383,Fla. Southern,-147.616,3.951699999999998,3.647542928943827,0.7524163568773234,1.6044694228348262
Flagler,11,Peach Belt,387,31,0,7,19,444,124,24,1,3,82,27,5,7,75.95113139539946,5.9571338750331,2.8479487733681377,13.54431119393052,1.9807147609784164,69,5,72,11,2025,2,99.0368911018532,96,84.375,6.981981981981981,15.54054054054054,0.32041343669250644,0.4108527131782946,0.3918918918918919,0.09043927648578814,100.52153070925614,0.18468468468468469,0.37676351351351356,Flagler,-187.40800000000002,4.225999999999998,2.5944378748102848,1.063917824074074,1.3776734145911114
Florida Tech,12,Sunshine State,393,44,2,11,17,467,111,22,2,4,64,19,0,3,69.7380388115088,-14.917602896124855,2.01106769980905,16.457865033941168,0.554560587802633,70,4,56,12,2025,2,113.66738210753698,83,82.6086956521739,9.421841541755889,14.989293361884368,0.2824427480916031,0.3791348600508906,0.37259100642398285,0.09669211195928751,87.86917498673077,0.13704496788008566,0.35587041036717065,Florida Tech,-240.12800000000001,1.7404000000000015,1.8804085890484326,0.9949744463373082,-0.13121793756311284
Fort Hays St.,9,Mid-America Intercollegiate,275,30,0,3,13,321,79,19,3,9,57,7,4,9,58.54879840141007,1.2581842893478625,0.9753860402921704,13.843094902169572,1.1742775269980366,54,0,53,9,2025,2,100.74759666150052,48,100.0,9.345794392523365,16.822429906542055,0.2872727272727273,0.4763636363636364,0.38006230529595014,0.1890909090909091,113.30754457238021,0.17757009345794392,0.38754205607476633,Fort Hays St.,-142.68,1.7461000000000002,1.7441073991219336,0.7937446443873178,0.4557184672280614
Francis Marion,11,Conference Carolinas,344,60,1,9,23,437,105,22,3,6,95,42,4,3,91.02779699876646,13.247770793976855,4.62131594370361,14.36472833754825,2.5766461035704027,61,4,82,11,2025,2,97.06472088518994,74,91.30434782608695,13.729977116704806,13.958810068649885,0.30523255813953487,0.438953488372093,0.43249427917620137,0.13372093023255816,117.7989624206222,0.21739130434782608,0.4120459770114942,Francis Marion,-169.192,3.0888,2.252659894830108,0.8653554778554778,1.3167402869941958
Franklin Pierce,4,NE10,134,20,0,2,16,172,30,4,1,2,33,9,0,0,25.233946402099928,-6.5173816480434885,2.416342707695428,1.8306692399840276,1.148085260320858,37,0,27,4,2025,2,109.68223396955594,23,100.0,11.627906976744185,21.511627906976745,0.22388059701492538,0.31343283582089554,0.38372093023255816,0.08955223880597016,74.85631346766706,0.19186046511627908,0.3536046511627907,Franklin Pierce,-63.446,0.6146000000000001,0.8288683741540988,1.0824444444444445,-0.26107941911406585
Fresno Pacific,11,PacWest,331,46,1,5,10,393,76,12,0,6,57,16,0,3,43.18418900235594,-21.51013424755668,-1.7588480585710706,5.282363902568878,-0.9619056234325073,73,2,52,11,2025,2,100.69981409183563,58,88.88888888888889,11.704834605597965,18.575063613231553,0.229607250755287,0.3202416918429003,0.3384223918575064,0.09063444108761329,64.80738734698397,0.1450381679389313,0.31885933503836317,Fresno Pacific,-203.03,1.8948000000000005,0.10123276438683994,1.1576699029126214,1.535503230245834
Ga. Southwestern,13,Peach Belt,444,60,1,4,15,524,117,18,5,7,82,10,0,2,77.47417843168276,-5.776840233714591,-1.6040044378031517,10.13553573805404,0.39235112254623117,98,7,69,13,2025,2,99.76041036469854,87,58.82352941176471,11.450381679389313,18.702290076335878,0.2635135135135135,0.3738738738738739,0.3683206106870229,0.1103603603603604,85.49455603284675,0.15648854961832062,0.3542969348659004,Ga. Southwestern,-246.704,3.4604,2.7046989258964858,0.9875320020481311,0.7993900482564191
Georgia College,11,Peach Belt,364,55,0,6,20,445,103,11,1,8,74,17,4,1,75.81329290854596,4.7012428642458985,2.4746232556386096,7.624762145614269,1.3158210675330486,71,5,63,11,2025,2,100.3045072363887,83,77.27272727272727,12.359550561797752,15.955056179775282,0.28296703296703296,0.38461538461538464,0.4,0.10164835164835168,96.27084918564744,0.1662921348314607,0.37610337078651684,Georgia College,-205.552,0.42780000000000035,1.2605813789193698,0.8914848484848484,-0.7807078278129416
Glenville St.,3,MEC,88,13,0,1,0,102,23,4,0,3,11,1,0,2,14.486215665862723,-0.7554868060335513,-0.7149096254028633,8.597047251430853,0.9333328454992831,17,1,13,3,2025,2,96.92337319652738,16,50.0,12.745098039215685,16.666666666666664,0.26136363636363635,0.4090909090909091,0.35294117647058826,0.14772727272727276,90.0391577428112,0.10784313725490197,0.3491470588235294,Glenville St.,-45.368,1.2744000000000004,0.5492730159640182,1.34453125,0.39856661215916633
Goldey-Beacom,3,CACC,96,37,0,1,3,137,20,5,1,2,18,20,2,0,26.597725618629067,8.485837211873376,0.58258143118059,3.6019118860641552,0.5897814476272705,27,2,15,3,2025,2,104.23096376717208,12,90.9090909090909,27.00729927007299,19.708029197080293,0.20833333333333334,0.34375,0.43795620437956206,0.13541666666666666,96.18942403052833,0.13138686131386862,0.39871532846715324,Goldey-Beacom,-52.921,0.4255999999999983,0.7637109498192389,1.0736499068901304,-0.36730612803448637
Grand Valley St.,2,GLIAC,50,8,1,2,0,61,15,0,0,1,7,5,0,1,9.481792715535375,1.4824128301662438,0.20346498221102438,2.860730200984959,0.856711157178712,8,0,7,2,2025,2,100.19716366139666,14,100.0,13.114754098360656,13.114754098360656,0.3,0.36,0.39344262295081966,0.06,88.6259794020424,0.11475409836065574,0.359135593220339,Grand Valley St.,-29.864,0.5278000000000003,0.3070833883862718,1.3659420289855073,0.07931661161372838
Harding,11,GAC,310,68,2,7,28,415,86,13,3,10,92,21,1,5,89.96804674048296,19.640261108261733,-1.1367713591525461,17.968290962331956,1.9961497447097387,62,8,76,11,2025,2,100.93153489083213,60,72.41379310344827,16.3855421686747,14.93975903614458,0.27741935483870966,0.43548387096774194,0.4433734939759036,0.15806451612903227,119.76884555268748,0.2216867469879518,0.41916301703163017,Harding,-150.68800000000002,5.009999999999997,3.110662732692607,0.804136690647482,3.119621320092001
Hawaii Hilo,5,PacWest,161,33,0,3,11,208,51,11,2,2,47,15,0,5,47.55672407200856,13.840249202404546,0.6840043913194283,6.200174630640223,1.963652434241531,22,2,43,5,2025,2,99.22078932997566,36,88.23529411764706,15.865384615384615,10.576923076923077,0.3167701863354037,0.4472049689440994,0.4567307692307692,0.13043478260869568,126.05155576028721,0.22596153846153846,0.43151923076923077,Hawaii Hilo,-68.736,1.3513999999999986,1.6752204584755301,0.9580071174377224,-0.2645837571382359
Hawaii Pacific,10,PacWest,371,48,0,4,17,440,109,22,7,13,82,23,3,8,87.54139175711427,12.982188887793354,-1.844290400129915,12.010774923465991,1.984749289021634,92,5,71,10,2025,2,103.54028443408563,67,82.14285714285714,10.909090909090908,20.909090909090907,0.29380053908355797,0.49595687331536387,0.39545454545454545,0.2021563342318059,122.01908869080027,0.18636363636363637,0.4032931818181818,Hawaii Pacific,-189.976,0.23460000000000156,1.369530955087894,0.9520325203252032,-1.1231108013731186
Henderson St.,11,GAC,361,51,2,4,9,427,112,24,2,15,82,11,2,2,89.54731992657847,17.864027088564757,-2.608253337238149,9.92754265939039,2.1267189648389935,74,5,75,11,2025,2,99.99884608617732,71,68.75,11.943793911007026,17.330210772833723,0.31024930747922436,0.5124653739612188,0.40749414519906324,0.20221606648199447,129.11916779338992,0.1920374707259953,0.4123995271867612,Henderson St.,-185.264,2.6298,2.5668472510283444,0.9293758043758044,0.2627938775851226
Hillsdale,3,G-MAC,94,13,0,1,4,112,22,2,2,2,15,1,1,0,14.795527958210867,-2.722301566017521,-0.06861254113524717,3.2750656195927057,0.4056737455850482,23,1,13,3,2025,2,104.22913457277316,16,50.0,11.607142857142858,20.535714285714285,0.23404255319148937,0.3617021276595745,0.3482142857142857,0.12765957446808512,77.36039752495398,0.13392857142857142,0.33971428571428575,Hillsdale,-61.800000000000004,-0.4823999999999996,-0.2700499661647504,0.6717002237136465,-0.4481275525696371
Ill. Springfield,4,GLVC,143,25,0,2,7,177,46,9,1,5,36,9,3,0,40.57209361031396,12.613393492748724,-1.3185497141327702,10.865162252096365,2.4247326921629346,42,1,34,4,2025,2,104.18728313540674,31,90.0,14.124293785310735,23.728813559322035,0.32167832167832167,0.5034965034965035,0.4406779661016949,0.18181818181818188,135.51801031041072,0.2033898305084746,0.43207344632768363,Ill. Springfield,-67.448,1.4512,1.1346560641027779,1.039927536231884,0.26082578385206845
Jefferson,3,CACC,96,27,1,2,6,132,29,4,2,2,24,14,2,3,32.2113484770116,13.841834158350675,-0.18292101339588246,2.4992184214029014,1.1622286835375388,28,3,22,3,2025,2,108.31853198191496,21,82.35294117647058,20.454545454545457,21.21212121212121,0.3020833333333333,0.4479166666666667,0.4772727272727273,0.14583333333333337,131.52720663971218,0.18181818181818182,0.4462307692307692,Jefferson,-55.872,1.5509999999999995,1.2995177468118504,1.1365348399246704,0.06515665252534886
Jessup ,7,PacWest,196,30,0,2,10,238,51,11,1,10,45,11,3,4,43.56457682707611,4.669401277694955,0.0,10.488793824038334,0.0,49,2,40,7,2025,2,,29,84.61538461538461,12.605042016806722,20.588235294117645,0.2602040816326531,0.47959183673469385,0.38235294117647056,0.21938775510204078,114.67950788436903,0.18907563025210083,0.38815966386554623,,,,,,
Kentucky St.,8,SIAC,199,47,1,1,9,257,35,7,0,0,20,8,2,2,26.991562155898954,-25.862909171064565,-3.286821653173239,12.288099028350857,-0.170702485497645,71,6,14,5,2025,2,107.52170889037691,28,57.14285714285714,18.28793774319066,27.626459143968873,0.17587939698492464,0.21105527638190955,0.35797665369649806,0.03517587939698491,43.45523890322096,0.07782101167315175,0.3126666666666667,Kentucky St.,-102.238,-0.3537999999999998,-0.16812745303964982,1.0513144058885384,-0.16840365318159423
King (TN),10,Conference Carolinas,347,45,0,6,15,413,95,23,0,7,63,12,1,0,64.98227380436734,-11.834403531365439,-1.130274006020692,13.777065353387462,0.9712604877332047,87,4,53,10,2025,2,101.76961317328936,65,75.0,10.895883777239709,21.06537530266344,0.2737752161383285,0.40057636887608067,0.37530266343825663,0.12680115273775217,93.75372195280742,0.15254237288135594,0.36371670702179176,King (TN),-201.192,1.7812000000000014,1.8057347180305447,1.127429876060013,-0.2258581883924493
Ky. Wesleyan,3,G-MAC,112,20,0,1,6,139,30,9,1,2,32,5,0,1,25.764740548181763,3.7786861711890376,1.2598429110561706,1.7431800878477304,0.7987190031453091,23,1,28,3,2025,2,105.26512598925362,18,83.33333333333334,14.388489208633093,16.546762589928058,0.26785714285714285,0.41964285714285715,0.4028776978417266,0.1517857142857143,105.48328048895108,0.2302158273381295,0.3903597122302158,Ky. Wesleyan,-50.944,1.4989999999999999,1.0962525466635136,0.7358901515151515,0.940736257866148
Lake Erie,6,G-MAC,179,18,0,1,13,211,33,10,2,2,27,18,0,3,18.059086634581547,-12.872800033842388,1.1039036976493772,8.710948223079994,0.07628970030984461,66,0,23,6,2025,2,98.4657881846358,19,100.0,8.530805687203792,31.27962085308057,0.18435754189944134,0.29608938547486036,0.3033175355450237,0.11173184357541902,49.90403906431613,0.12796208530805686,0.29547867298578195,Lake Erie,-122.438,0.07400000000000069,-0.08229341031225584,0.9521153846153847,0.16001508270167286
Lander,11,Peach Belt,358,60,2,7,27,454,91,21,4,5,60,15,1,1,77.31885049299983,5.102838115976232,-0.8261194397015592,15.525197657393852,1.2532306985656634,69,6,52,11,2025,2,99.8720741073021,61,71.42857142857143,13.215859030837004,15.198237885462554,0.2541899441340782,0.3770949720670391,0.3964757709251101,0.12290502793296093,93.54255953547539,0.13215859030837004,0.3757311111111111,Lander,-212.48000000000002,2.375800000000002,1.6874336561830237,1.0403415783274441,0.596239369574125
Lane,5,SIAC,129,17,0,0,7,153,31,5,2,0,18,5,1,2,19.645727284283044,-12.353636315011693,-3.406916776831347,7.175761213895913,0.17540055615045225,29,3,16,5,2025,2,109.56962477105868,24,62.5,11.11111111111111,18.954248366013072,0.24031007751937986,0.31007751937984496,0.35947712418300654,0.0697674418604651,67.78569836424246,0.11764705882352941,0.33619607843137256,Lane,-92.592,0.4120000000000008,0.11953612652567469,0.7962311557788944,0.39790155097511526
LeMoyne-Owen,9,SIAC,228,38,0,6,11,283,65,11,6,4,80,31,0,3,53.64260201645979,-0.5702265426096393,0.9082729396785092,1.3437013177159578,0.876430526953602,34,4,69,7,2025,2,99.24331063584924,44,88.57142857142857,13.427561837455832,12.014134275618375,0.2850877192982456,0.43859649122807015,0.4028268551236749,0.15350877192982454,110.05304423662415,0.2826855123674912,0.3943462897526502,LeMoyne-Owen,-81.446,-1.0494000000000003,-0.3777116492512003,1.6461625282167043,-0.2597709698780422
Lee,11,Gulf South,356,48,1,7,11,423,103,17,5,9,72,23,0,1,73.87573574528486,3.9838506258578477,0.7562372756857236,21.659342739251965,2.278208568555934,70,4,65,11,2025,2,104.06434576471236,72,85.18518518518519,11.347517730496454,16.548463356973993,0.2893258426966292,0.4410112359550562,0.38534278959810875,0.151685393258427,106.1228440682811,0.1702127659574468,0.3809334916864608,Lee,-189.12,1.2282999999999993,1.8226852068481918,0.6255595886267392,0.14083676984539073
Lenoir-Rhyne,11,SAC,372,66,0,4,12,454,134,29,7,11,122,23,3,1,120.35402938701155,35.66504153867985,2.6955757961717595,15.074545986955943,4.537643374846539,68,2,104,11,2025,2,103.47965206294394,87,92.0,14.537444933920703,14.977973568281937,0.3602150537634409,0.5645161290322581,0.4669603524229075,0.20430107526881724,157.0578812596252,0.2687224669603524,0.46619162995594715,Lenoir-Rhyne,-138.048,4.924999999999998,4.506047223420324,0.6697284806470248,2.847679163192285
Limestone,12,SAC,403,70,2,9,25,509,108,24,6,2,92,28,4,3,88.02212396653516,-5.514993346818326,3.3541270760089996,6.091225875149739,0.8011417986245382,95,2,84,12,2025,2,101.85084287101034,76,93.33333333333333,13.7524557956778,18.664047151277014,0.2679900744416873,0.37220843672456577,0.4027504911591356,0.10421836228287845,93.98104113801847,0.1807465618860511,0.37889108910891084,Limestone,-215.20000000000002,2.181799999999999,1.8196374190284714,1.0232041343669251,0.31268391033159637
Lincoln (MO),7,GLVC,208,20,1,2,8,239,50,8,0,3,27,11,1,1,25.36244511504609,-10.685820344984075,1.1000555832949945,11.87871582590177,1.038790544649464,61,1,23,7,2025,2,,39,91.66666666666666,8.368200836820083,25.523012552301257,0.2403846153846154,0.32211538461538464,0.3305439330543933,0.08173076923076925,63.22635942879131,0.11297071129707113,0.3134725738396625,Lincoln (MO),-69.872,-0.3699999999999993,-0.20251455765176837,0.853448275862069,-0.23102079588358435
Lincoln Memorial,11,SAC,355,51,1,6,9,422,79,15,4,8,57,22,1,2,49.462466725443946,-30.156190361048388,3.403340120414646,16.134320244908825,0.12065920692232619,87,5,51,11,2025,2,104.73080005042918,52,81.48148148148148,12.085308056872037,20.61611374407583,0.22253521126760564,0.35492957746478876,0.33175355450236965,0.13239436619718312,71.4729637018689,0.13507109004739337,0.32480476190476193,Lincoln Memorial,-220.48000000000002,1.8416000000000021,0.844725877980272,1.3502252252252251,0.5191947225201468
Lock Haven,4,PSAC,117,35,0,1,2,155,38,10,1,5,36,4,1,0,42.0440776502185,19.70843532853448,0.5559972729814198,8.918941301743644,2.376630852008525,21,1,29,4,2025,2,101.01161541706811,22,80.0,22.58064516129032,13.548387096774196,0.3247863247863248,0.5555555555555556,0.4838709677419355,0.23076923076923078,159.2572793990576,0.23225806451612904,0.4720451612903226,Lock Haven,-52.088,0.9837999999999998,1.1254965738387912,0.668298969072165,0.3465990682745905
Lubbock Christian,12,Lone Star,439,67,3,6,15,530,172,31,6,22,151,8,0,1,158.21565604605135,44.05159873153487,-0.34844222259500945,16.672461067483027,4.473622004181607,61,5,134,12,2025,2,108.79532921980272,113,61.53846153846154,12.641509433962264,11.50943396226415,0.3917995444191344,0.6400911161731208,0.4849056603773585,0.24829157175398636,179.96467868057255,0.2849056603773585,0.49499618320610683,Lubbock Christian,-131.624,4.639199999999998,4.5063098725135315,0.746084656084656,1.7117512579027485
Lynn,11,Sunshine State,375,33,0,4,12,424,95,16,4,4,51,7,0,4,48.147438461596984,-22.056918436569475,-1.924964914262122,9.757516571276453,-1.1978550234642058,86,1,46,11,2025,2,104.44659528068414,71,87.5,7.783018867924528,20.28301886792453,0.25333333333333335,0.34933333333333333,0.330188679245283,0.09599999999999997,69.71579809810504,0.12028301886792453,0.3220754716981133,Lynn,-227.552,1.1226000000000018,0.5282322247001011,1.0254960317460318,0.5664575305480385
MSU Denver,7,RMAC,212,30,0,0,6,248,48,6,1,4,27,5,0,0,27.94644432447157,-13.79201945864563,-1.3157789157206954,9.76081804871556,0.08450890572114261,57,2,23,7,2025,2,94.58480632235394,37,71.42857142857143,12.096774193548388,22.983870967741936,0.22641509433962265,0.32075471698113206,0.3387096774193548,0.09433962264150941,65.00560615724291,0.10887096774193548,0.32125,MSU Denver,-141.96,-0.03919999999999859,0.1507591447156853,0.9418355855855857,-0.1923799972295835
Mars Hill,13,SAC,443,73,0,6,24,546,115,30,1,8,93,22,2,3,89.98098533676168,-19.61447392577248,3.6111337747450376,20.185233062691335,0.30060052384510993,112,2,84,13,2025,2,111.81091546274568,76,91.66666666666666,13.36996336996337,20.51282051282051,0.2595936794582393,0.3860045146726862,0.3882783882783883,0.1264108352144469,93.58042318816166,0.17032967032967034,0.3708095238095238,Mars Hill,-253.046,3.6805999999999996,1.9590895858337416,1.1145379777455249,1.3432653571939306
Mary,4,NSIC,129,9,0,1,10,149,32,8,1,1,19,0,0,1,18.53251761445209,-6.74309361740756,-2.049888522274824,5.029800878477305,0.5795615584346768,34,3,17,4,2025,2,100.28547135336578,22,0.0,6.0402684563758395,22.818791946308725,0.24806201550387597,0.3488372093023256,0.3422818791946309,0.10077519379844962,72.71808575411178,0.12751677852348994,0.33236912751677855,Mary,-79.304,0.3066000000000005,0.3612002017079803,1.3972972972972972,-0.1417766040290631
McKendree,4,GLVC,115,8,0,1,3,127,29,2,1,3,13,5,1,1,13.2978770486784,-7.008738267789363,-0.7991718718200322,-0.4869679222680686,0.3428140058387327,40,3,12,4,2025,2,105.32429178306,23,62.5,6.299212598425196,31.496062992125985,0.25217391304347825,0.3652173913043478,0.31496062992125984,0.11304347826086958,69.6248710420666,0.10236220472440945,0.3136614173228347,McKendree,-79.16,-0.27019999999999983,-0.06147469749680841,0.704617117117117,-0.3219959753496034
Menlo,6,PacWest,194,18,0,4,7,223,45,3,2,3,34,7,1,1,20.382942773411944,-16.060856165714096,0.9271427896333305,3.9155522427791816,-0.35634534548321295,69,0,31,6,2025,2,,37,100.0,8.071748878923767,30.94170403587444,0.23195876288659795,0.31443298969072164,0.31390134529147984,0.0824742268041237,57.07197776052821,0.15246636771300448,0.3010089686098655,Menlo,-119.60000000000001,0.8828000000000006,0.271267265965606,1.0282006920415223,0.587319979533301
Mercy,5,ECC,173,14,0,2,6,195,45,9,1,2,22,14,0,1,22.880695904784567,4.2888365385013,-0.8263203487704612,8.382451217888992,0.887789596869253,54,0,20,5,2025,2,99.32551902649853,33,100.0,7.179487179487179,27.692307692307693,0.26011560693641617,0.3583815028901734,0.3333333333333333,0.09826589595375723,72.71549199912815,0.11282051282051282,0.3256717948717949,Mercy,-83.738,0.42580000000000034,0.6464795991063427,0.8614209827357238,-0.15218005389706146
Miles,9,SIAC,251,46,0,5,28,330,74,15,5,3,65,24,3,10,72.97491868639511,5.2843096364360935,-4.362622604474556,-5.6207653400772,1.0738631233796159,63,7,56,9,2025,2,107.20667935860828,51,77.41935483870968,13.939393939393941,19.090909090909093,0.2948207171314741,0.4302788844621514,0.4484848484848485,0.13545816733067728,119.82996709843601,0.19696969696969696,0.4243848484848485,Miles,-131.608,2.64,2.2638710315926907,1.1090352771778258,0.11657624030837743
Millersville,3,PSAC,106,20,0,1,4,131,28,2,1,1,23,15,0,0,20.55935170273648,2.1315523288428198,1.305820523164543,3.8627286037534936,0.9378365600463333,33,1,19,3,2025,2,98.99662119076382,24,93.75,15.267175572519085,25.190839694656486,0.2641509433962264,0.330188679245283,0.3969465648854962,0.06603773584905659,82.32241176600394,0.17557251908396945,0.3633358778625954,Millersville,-59.944,1.2626000000000004,0.48715476594054596,1.5829501915708812,0.3104698256121591
Minn.-Crookston,3,NSIC,100,18,0,2,4,124,26,5,0,2,14,4,0,4,19.591518692204243,-0.9139333413195208,-0.44295936069706204,6.451086916012245,0.44044877002072425,27,1,13,3,2025,2,97.7784410230997,19,80.0,14.516129032258066,21.774193548387096,0.26,0.37,0.3870967741935484,0.10999999999999999,89.40554292297902,0.11290322580645161,0.3643387096774194,Minn.-Crookston,-72.016,-0.1559999999999997,0.09069810134892001,1.646875,-0.1854229590339293
Mississippi Col.,10,Gulf South,303,46,0,7,18,374,88,21,1,10,64,11,0,2,73.05198110080264,15.093747862163644,-1.3840230961961433,11.763164115533076,1.8267278953955188,45,2,64,10,2025,2,98.0379097134781,56,84.61538461538461,12.299465240641712,12.032085561497325,0.29042904290429045,0.46534653465346537,0.40641711229946526,0.17491749174917492,117.44800618198906,0.1711229946524064,0.39983957219251326,Mississippi Col.,-163.4,2.2408,1.3922178318987195,1.1199845679012346,0.6085240213565337
Missouri S&T,1,GLVC,30,2,0,0,2,34,4,1,0,0,2,0,0,1,0.022219102080423603,-5.316095232547463,-1.539502836258309,1.6556909357114333,0.06276463869652507,11,2,2,1,2025,2,103.62959352496458,3,0.0,5.88235294117647,32.35294117647059,0.13333333333333333,0.16666666666666666,0.23529411764705882,0.033333333333333326,1.047867315541584,0.058823529411764705,0.2147058823529412,Missouri S&T,-25.648,-0.18199999999999966,-0.2651662607258577,1.0888888888888888,0.09802340358300085
Missouri Western,7,Mid-America Intercollegiate,210,9,0,2,12,233,53,7,2,2,30,15,3,7,23.323169892258505,-16.60002385531713,0.08794398133400827,10.3501317715959,0.007999510925384312,51,4,28,7,2025,2,96.55910414878856,42,78.94736842105263,3.862660944206009,21.888412017167383,0.2523809523809524,0.3333333333333333,0.31759656652360513,0.08095238095238094,62.59602284860697,0.12875536480686695,0.30927896995708154,Missouri Western,-145.104,-0.4311999999999986,0.12029493284328958,0.960571736785329,-0.5691942534115402
Mo. Southern St.,9,Mid-America Intercollegiate,296,33,2,4,11,346,81,18,5,4,50,9,0,4,54.6499513994079,-9.669091742830135,-1.207508829281155,6.86377159590044,-0.23950306952148875,67,2,44,9,2025,2,105.10436336881584,54,81.81818181818183,9.53757225433526,19.36416184971098,0.27364864864864863,0.40878378378378377,0.3670520231213873,0.13513513513513514,93.60806459175244,0.14450867052023122,0.3629005847953216,Mo. Southern St.,-166.404,1.16,1.147072072248026,1.0595354523227385,-0.05225264222610404
Mo.-St. Louis,7,GLVC,221,21,0,4,10,256,63,17,0,4,49,11,2,2,39.83427270724599,2.4231922447007292,-2.44281564703074,9.348133368827366,1.1638860523977905,71,6,40,7,2025,2,97.24387544028272,42,64.70588235294117,8.203125,27.734375,0.2850678733031674,0.416289592760181,0.3671875,0.1312217194570136,95.45790798327931,0.19140625,0.3620625,Mo.-St. Louis,-119.96000000000001,1.9218000000000008,0.9847939875174884,1.0057575757575756,0.9260044457455437
Mont. St. Billings,12,Great Northwest,412,51,0,8,13,484,128,31,4,10,79,12,1,3,93.39763398224734,17.167345762719606,-2.201364968310984,18.38097564222015,2.341352066537561,93,6,76,12,2025,2,104.44509002547902,83,66.66666666666666,10.537190082644628,19.214876033057852,0.3106796116504854,0.47815533980582525,0.39669421487603307,0.16747572815533984,118.03483067365761,0.16322314049586778,0.397599173553719,Mont. St. Billings,-234.344,5.356600000000001,2.3318743773045116,1.289126712328767,1.8233416683885229
Montevallo,11,Gulf South,373,32,2,4,18,429,88,12,0,19,51,4,0,6,55.01315664772899,-17.413160619324884,-0.30097156577853,13.209211233861309,-0.4479873976157681,108,3,47,11,2025,2,106.17694322630014,57,57.14285714285714,7.459207459207459,25.174825174825177,0.2359249329758713,0.42091152815013405,0.32634032634032634,0.18498659517426275,86.02945852764941,0.11888111888111888,0.33433647058823535,Montevallo,-246.984,1.0024000000000024,0.8823541425570466,0.9543726235741445,0.16796936341905144
Morehouse,6,SIAC,195,63,0,2,14,274,74,11,2,4,90,25,0,4,84.66758583242112,31.028020835096243,0.0,4.428931984560095,0.0,30,6,78,0,2025,2,101.71019282564144,57,80.64516129032258,22.99270072992701,10.948905109489052,0.37948717948717947,0.517948717948718,0.551094890510949,0.13846153846153852,167.52015528640146,0.3284671532846715,0.5079489051094891,Morehouse,-2.841,-0.125,0.10278411216518629,1.4054123711340205,-0.19172597902746394
Mount Olive,11,Conference Carolinas,366,58,2,1,9,436,93,15,3,6,59,12,2,2,64.12762409688108,-19.044606768873734,2.232937951076943,9.788880606947957,-0.4995678529405111,79,4,52,11,2025,2,104.5684202089088,69,75.0,13.302752293577983,18.11926605504587,0.2540983606557377,0.36065573770491804,0.37155963302752293,0.10655737704918034,83.13473687737512,0.1353211009174312,0.3532685185185185,Mount Olive,-228.696,1.077600000000001,1.0068062367180606,1.2709442332065906,-0.15893268582179687
N.M. Highlands,12,RMAC,384,65,3,4,13,469,127,30,2,14,93,1,0,5,112.6623721683308,21.14962485646177,3.339623406863033,8.635014241980567,2.493685593667902,77,1,90,12,2025,2,110.33903313249142,81,50.0,13.859275053304904,16.417910447761194,0.3307291666666667,0.5286458333333334,0.44349680170575695,0.19791666666666669,142.326760762674,0.19829424307036247,0.4406565874730022,N.M. Highlands,-178.336,4.9723999999999995,3.7494619150509596,1.0673356602675974,0.9092412325168286
Newberry,12,SAC,392,59,0,8,19,478,126,22,5,1,105,24,2,9,94.5075250505819,8.893652072090939,-3.1299645664726863,16.58497191534673,2.8604186729700376,77,9,95,12,2025,2,99.11504724259908,98,72.72727272727273,12.343096234309623,16.10878661087866,0.32142857142857145,0.4107142857142857,0.42677824267782427,0.08928571428571425,109.49509130578616,0.2196652719665272,0.40211087866108786,Newberry,-185.75,3.1907999999999985,3.0863154515112075,0.7907176287051483,0.9490062412973139
Newman,8,Mid-America Intercollegiate,267,29,0,3,14,313,87,20,0,7,56,13,1,6,64.36654309960305,6.347550165620003,-5.518786156715319,12.372286703048049,1.3272474104732837,45,3,50,8,2025,2,104.79366266299012,60,81.25,9.26517571884984,14.376996805111823,0.3258426966292135,0.4794007490636704,0.41533546325878595,0.15355805243445692,123.14880100507128,0.17891373801916932,0.4096517571884984,Newman,-142.662,3.2254,2.433468149995652,0.8632510288065843,1.3028726041636656
North Georgia,11,Peach Belt,392,52,0,4,11,459,114,21,1,11,83,10,0,1,79.28103043329077,3.093885417535221,-5.323593810953373,10.777673099960069,0.8882544274820401,82,3,77,11,2025,2,103.9358764179126,81,76.92307692307693,11.328976034858387,17.86492374727669,0.29081632653061223,0.4336734693877551,0.38562091503267976,0.14285714285714285,104.42041717752329,0.18082788671023964,0.3783464052287582,North Georgia,-193.48,2.7248,2.0488335101879938,0.9505079365079365,0.8178442894846958
North Greenville,12,Conference Carolinas,443,86,0,11,30,570,137,22,3,12,135,32,0,3,124.56350308235093,19.304247279061684,0.6357475365785072,16.959689604685213,3.1606889368482443,97,4,120,12,2025,2,100.98760329245496,100,88.88888888888889,15.087719298245613,17.017543859649123,0.309255079006772,0.45372460496614,0.443859649122807,0.14446952595936796,124.30487699806596,0.23684210526315788,0.42190877192982457,North Greenville,-185.38,4.627199999999998,4.073355479060304,0.6637846291331546,2.8975802686425647
Northeastern St.,8,Mid-America Intercollegiate,248,34,0,4,13,299,59,6,1,9,43,19,3,1,41.007112620073805,-15.012873007011851,0.3475597781709591,9.711295887128976,0.08763884363114466,62,5,36,8,2025,2,105.9645996040888,43,79.16666666666666,11.37123745819398,20.735785953177256,0.23790322580645162,0.3790322580645161,0.35451505016722407,0.1411290322580645,83.17747784052236,0.14381270903010032,0.34451170568561873,Northeastern St.,-156.68,2.0186,1.2953210366803942,1.1562445030782762,0.4505034793504885
Northwest Mo. St.,8,Mid-America Intercollegiate,247,45,0,8,20,320,69,15,1,7,72,14,2,2,62.73816159909428,4.834957250080547,0.8113270097251171,10.289054438972448,1.3987655270988206,49,0,63,8,2025,2,102.19955577073743,46,100.0,14.0625,15.312500000000002,0.2793522267206478,0.4331983805668016,0.41875,0.1538461538461538,112.85888020783634,0.225,0.40053437500000005,Northwest Mo. St.,-92.535,2.371999999999999,1.7621186884257627,0.7093924860111911,1.5815874358629278
Northwest Nazarene,14,Great Northwest,480,48,0,6,19,553,143,31,2,17,103,21,1,3,99.712225287357,10.48822414281858,0.20287925357945147,22.103391454811657,1.7430505988827627,101,7,89,14,2025,2,106.70330381893469,93,75.0,8.679927667269439,18.264014466546115,0.29791666666666666,0.47708333333333336,0.379746835443038,0.1791666666666667,113.40011489517438,0.18625678119349007,0.38556057866184457,Northwest Nazarene,-248.1,2.3344000000000023,3.4565299693377933,0.7961426491994177,-0.5243921139579566
Northwestern Okla.,12,GAC,411,57,1,5,21,495,123,24,3,16,109,11,0,3,100.87739009119966,12.822405902311246,-0.7624311598797058,7.421721283109277,1.7879160799649212,88,2,99,12,2025,2,105.87949664066538,80,84.61538461538461,11.515151515151516,17.77777777777778,0.29927007299270075,0.48905109489051096,0.4080808080808081,0.1897810218978102,123.60918240140633,0.2202020202020202,0.4076267748478702,Northwestern Okla.,-182.75,3.4708000000000006,2.629577706773065,0.9776237085372484,0.9206635258102995
Northwood,4,G-MAC,124,7,0,1,1,133,29,5,1,1,8,6,0,0,8.691666316831764,-12.342409513953129,-1.8600721460517216,6.236490882470384,0.022182539469795814,32,0,8,4,2025,2,105.25214161092302,22,100.0,5.263157894736842,24.06015037593985,0.23387096774193547,0.31451612903225806,0.2781954887218045,0.08064516129032259,47.87346705069735,0.06015037593984962,0.27623308270676694,Northwood,-90.304,-1.3839999999999986,-0.743035149807596,0.8801397205588823,-0.8294424553630564
Nova Southeastern,11,Sunshine State,352,50,0,2,17,421,96,16,3,12,77,4,3,10,74.45054382752029,5.8456119919554865,-0.4516272330380777,26.67923918541195,2.7283607075040734,72,4,73,10,2025,2,102.90820836454276,65,50.0,11.87648456057007,17.102137767220903,0.2727272727272727,0.4375,0.38717339667458434,0.1647727272727273,105.74647542039992,0.1828978622327791,0.3822612826603325,Nova Southeastern,-199.48,3.3702000000000005,1.9271281097079138,1.1694068343004513,0.9548458117255809
Ohio Dominican,4,G-MAC,125,17,0,2,6,150,33,7,0,1,15,3,2,0,21.335793743792063,-0.2066056825568796,1.0572896175021493,1.8669854918141888,0.6692627482877316,23,1,15,4,2025,2,96.71513995108452,25,75.0,11.333333333333332,15.333333333333332,0.264,0.344,0.37333333333333335,0.07999999999999996,79.56540356393376,0.1,0.34935333333333335,Ohio Dominican,-82.304,-0.2087999999999994,0.5480265733025111,0.9553601340033501,-0.766582898366068
Okla. Baptist,10,GAC,298,47,0,6,16,367,77,16,1,7,63,10,0,4,58.57626165493918,-6.792657227954836,0.07827652027045001,14.549611074138161,0.7050440283647157,76,3,53,10,2025,2,106.0134626794133,53,76.92307692307693,12.806539509536785,20.708446866485016,0.25838926174496646,0.38926174496644295,0.3814713896457766,0.1308724832214765,92.61055931464797,0.17166212534059946,0.36587193460490464,Okla. Baptist,-175.526,2.4385999999999997,1.3917340276204464,0.821551081282625,1.5765537095130737
Okla. Christian,8,Lone Star,237,39,0,3,7,286,68,10,2,4,52,7,2,3,49.636026618990726,-7.095676304079201,-3.7454698176248162,14.420853454013043,0.9530556783609898,49,5,49,8,2025,2,98.78624963035998,52,58.333333333333336,13.636363636363635,17.132867132867133,0.2869198312236287,0.39662447257383965,0.3986013986013986,0.10970464135021096,98.81349051515652,0.18181818181818182,0.37913286713286715,Okla. Christian,-120.032,0.5219999999999999,1.479938945438856,0.7781065088757396,-0.8090796298495025
Ouachita Baptist,10,GAC,298,46,1,2,9,356,57,7,0,3,40,10,1,6,27.877343054491867,-32.03477193611677,1.2742756479550081,20.441097564222016,-0.09514912719718399,99,0,32,10,2025,2,100.24311842363124,47,100.0,12.921348314606742,27.808988764044944,0.1912751677852349,0.24496644295302014,0.31741573033707865,0.05369127516778524,41.18267835901865,0.11235955056179775,0.28803672316384177,Ouachita Baptist,-187.328,0.4780000000000012,0.20008518302633085,1.1702802359882007,0.20836399461561353
Palm Beach Atl.,10,Sunshine State,331,31,0,4,13,379,84,17,4,1,48,10,0,5,44.40905575381163,-19.32916095235893,1.4213220478517676,3.5854044988686278,-0.914753252581574,74,3,43,10,2025,2,105.97274791824374,62,76.92307692307693,8.179419525065963,19.525065963060687,0.2537764350453172,0.338368580060423,0.33773087071240104,0.08459214501510576,69.01183652354837,0.1266490765171504,0.32551715039577833,Palm Beach Atl.,-198.76,1.2284000000000006,0.7909917173416299,1.1979872881355933,0.2343947889807687
Pitt.-Johnstown,2,PSAC,58,8,0,0,0,66,6,6,0,0,4,0,0,0,-0.19092583159584842,-9.160568524396213,-1.761975626686926,2.291225342739252,0.029540756631054415,24,0,2,2,2025,2,96.19702295172928,0,,12.121212121212121,36.36363636363637,0.10344827586206896,0.20689655172413793,0.21212121212121213,0.10344827586206896,4.79241525701859,0.06060606060606061,0.21133333333333335,Pitt.-Johnstown,-51.296,-0.3739999999999996,-0.474655066634357,1.0666666666666667,0.1240300666343574
Pittsburg St.,7,Mid-America Intercollegiate,215,27,0,6,17,265,65,21,4,6,64,14,0,4,57.27406281347183,8.352814078083561,1.22950094604796,10.30886330360708,1.9606706300888472,47,1,54,7,2025,2,104.34980231075188,34,93.33333333333333,10.18867924528302,17.735849056603772,0.3023255813953488,0.5209302325581395,0.41132075471698115,0.2186046511627907,132.15388882085026,0.24150943396226415,0.41962264150943396,Pittsburg St.,-80.384,2.334599999999999,2.702570560579771,0.46413373860182366,2.327445156512565
Point Loma,10,PacWest,293,44,2,3,14,356,76,11,2,10,60,16,2,5,59.25050625651943,3.6632861382266033,4.975579503996216,14.356474643950486,1.6964070219791043,55,3,55,10,2025,2,95.72341988284892,53,84.21052631578947,12.359550561797752,15.44943820224719,0.2593856655290102,0.4129692832764505,0.38202247191011235,0.15358361774744028,98.48519871175942,0.16853932584269662,0.3719375,Point Loma,-148.89600000000002,1.5072000000000012,1.8404817662165136,0.9502232142857142,-0.25432813690009226
Post,1,CACC,32,2,0,0,1,35,7,2,0,0,3,0,0,0,2.2282291956685505,-2.0431111634515924,-0.25936325209697275,1.5516943963796086,0.15860461598031145,11,1,3,1,2025,2,98.26046375688186,5,0.0,5.714285714285714,31.428571428571427,0.21875,0.28125,0.2857142857142857,0.0625,41.77110843810474,0.08571428571428572,0.27462857142857144,Post,-24.648,-0.1681999999999994,-0.1287360068036535,0.7976190476190477,-0.08214160513664426
Queens (NY),1,ECC,30,3,0,0,0,33,3,3,0,0,0,0,0,0,-0.9303735361975034,-4.3847213799438345,0.0,1.452650073206442,0.0,14,0,0,1,2025,2,104.80797796973116,0,,9.090909090909092,42.42424242424242,0.1,0.2,0.18181818181818182,0.1,-4.698835472769036,0.0,0.18727272727272726,Queens (NY),-27.648,-0.1699999999999997,-0.2812833333333329,0.27121212121212124,-0.3455323091247665
Quincy,8,GLVC,280,32,0,2,19,333,72,14,3,2,41,8,2,1,47.99568293140765,-5.35573758774067,0.02452043619494404,10.166899773725541,0.9466123022189571,81,0,34,8,2025,2,105.51216358132451,53,100.0,9.60960960960961,24.324324324324326,0.2571428571428571,0.35,0.36936936936936937,0.09285714285714286,79.99274786952624,0.12312312312312312,0.35115315315315315,Quincy,-180.094,0.3776000000000015,0.6960050738818957,1.017904290429043,-0.32504681822816966
Regis (CO),11,RMAC,382,60,1,2,30,475,128,26,2,22,119,23,1,1,126.07995789787493,37.124999730036656,3.795437103864531,11.305909490216957,4.185701676196974,75,4,105,11,2025,2,105.72866488528516,78,85.18518518518519,12.631578947368421,15.789473684210526,0.33507853403141363,0.5863874345549738,0.4610526315789474,0.25130890052356014,160.82098168002227,0.2505263157894737,0.46564482029598303,Regis (CO),-145.192,3.878399999999999,3.986083982408033,0.8957087486157254,0.3438949376302931
Rogers St.,6,Mid-America Intercollegiate,208,38,0,3,6,255,71,18,0,5,56,19,1,3,59.87116482185975,16.66967609333699,-1.2205455617618892,-1.249609210701451,1.1847665970932293,45,6,50,6,2025,2,95.42754295953972,48,76.0,14.901960784313726,17.647058823529413,0.34134615384615385,0.5,0.45098039215686275,0.15865384615384615,137.33247599001288,0.2196078431372549,0.4373686274509804,Rogers St.,-89.456,3.5269999999999984,2.258264076546454,0.9573080967402733,1.4260252468278853
Rollins,10,Sunshine State,356,41,1,2,19,419,116,22,1,16,88,9,0,1,93.5553229994147,30.436565426791258,3.8471994577389936,-1.4972200186343683,2.3727824471648145,56,0,84,10,2025,2,95.67469321342006,77,100.0,9.785202863961814,13.365155131264917,0.3258426966292135,0.5280898876404494,0.4224343675417661,0.2022471910112359,136.75439229315097,0.2100238663484487,0.42647002398081535,Rollins,-154.68800000000002,2.840199999999998,3.2557905516481647,0.7074552683896621,0.75888023660531
Roosevelt ,2,GLIAC,50,3,0,0,0,53,9,0,0,0,2,3,0,1,-0.5872484257388635,-7.519737877215658,0.0,1.5170288832690002,0.0,11,0,2,2,2025,2,,9,100.0,5.660377358490567,20.754716981132077,0.18,0.18,0.22641509433962265,0.0,1.9793932005946369,0.03773584905660377,0.20354716981132076,,,,,,
Saginaw Valley,2,GLIAC,58,9,0,0,2,69,12,1,0,2,9,2,0,0,7.583781631082308,-1.3717550202532145,0.11516559750212979,2.844222813789431,0.5507344762867691,11,0,10,2,2025,2,99.40601909619052,9,100.0,13.043478260869565,15.942028985507244,0.20689655172413793,0.3275862068965517,0.3333333333333333,0.12068965517241378,65.26934913290039,0.13043478260869565,0.3186086956521739,Saginaw Valley,-36.08,0.18900000000000033,-0.10770790157554831,0.4927083333333333,0.4913019819138154
Saint Leo,10,Sunshine State,330,33,2,4,15,384,91,20,3,3,52,23,4,7,57.108039350464566,-7.263809718227826,2.1932016586733996,13.400696925329427,0.9673463405468317,57,3,48,10,2025,2,105.6557643729087,65,88.46153846153845,8.59375,14.84375,0.27575757575757576,0.38181818181818183,0.3671875,0.10606060606060608,87.12289958694059,0.13541666666666666,0.35527631578947366,Saint Leo,-209.12,2.100000000000001,1.183064964438575,1.297561790247161,0.4353550721132031
Saint Martin's,11,Great Northwest,371,47,0,8,15,441,108,28,0,5,56,6,3,4,73.12279617246895,14.927132966410182,-3.4734196973402667,7.017290296818848,1.137039059456285,94,6,48,11,2025,2,89.44573471309202,75,50.0,10.657596371882086,21.31519274376417,0.29110512129380056,0.40700808625336926,0.3854875283446712,0.1159029649595687,97.93842776635462,0.12698412698412698,0.3717709750566894,Saint Martin's,-238.912,1.0362000000000018,1.0806552432920986,1.1686474250141483,-0.19398919002333193
Salem (WV),3,DII Independent,97,11,0,1,3,112,18,5,0,1,9,3,0,0,6.857567916149875,-3.330160880473115,-0.5776561325933081,2.8046050845201647,0.2635374817349037,25,1,9,3,2025,2,101.07795334669696,12,75.0,9.821428571428571,22.321428571428573,0.18556701030927836,0.26804123711340205,0.2857142857142857,0.0824742268041237,38.57729807303774,0.08035714285714286,0.2723125,Salem (WV),-73.944,-0.41679999999999984,-0.36165298386067085,0.7958005249343831,-0.16209635650872217
San Fran. St.,8,CCAA,272,41,1,1,15,330,83,20,0,9,64,12,0,2,70.1330518256008,15.075051480718601,2.376798066379105,13.986709170770663,1.9482144771699443,56,5,57,8,2025,2,94.73899422292833,54,70.58823529411765,12.424242424242424,16.969696969696972,0.30514705882352944,0.47794117647058826,0.42424242424242425,0.17279411764705882,125.09550189762382,0.19393939393939394,0.4161249999999999,San Fran. St.,-134.68,1.6439999999999997,1.5525611590598056,1.1113636363636363,-0.07329735537882431
Savannah St.,7,SIAC,204,44,0,5,10,263,55,14,3,3,54,24,0,0,50.16698479243648,-1.2459995409231133,1.718040055811578,14.02632690003993,1.4077440898419962,38,2,48,6,2025,2,101.5467920478008,35,92.3076923076923,16.730038022813687,14.44866920152091,0.2696078431372549,0.4117647058823529,0.4144486692015209,0.14215686274509803,106.56580216530487,0.20532319391634982,0.39548669201520914,Savannah St.,-85.096,1.3045999999999993,1.1382718035984036,1.1144761904761904,0.03232296652636091
Seton Hill,3,PSAC,98,15,0,2,5,120,28,3,0,2,15,15,0,1,20.11763604655836,3.1162239065091453,0.7969815390255608,3.9881847464395044,0.8153855454437153,30,1,11,3,2025,2,99.5887864761247,23,93.75,12.5,25.0,0.2857142857142857,0.37755102040816324,0.4,0.09183673469387754,94.56272255627742,0.125,0.37351666666666666,Seton Hill,-61.800000000000004,0.2522000000000001,0.37524909133243056,0.7836601307189542,-0.05342590534410685
Shepherd,6,PSAC,179,27,0,2,8,216,40,8,0,0,15,6,1,2,22.910377901680967,-8.531236869451527,-2.040752643258389,3.1545616930653533,-0.3645585036931439,62,3,15,6,2025,2,101.87037739427272,32,66.66666666666666,12.5,28.703703703703702,0.22346368715083798,0.2681564245810056,0.3472222222222222,0.044692737430167606,54.48539860530972,0.06944444444444445,0.31495370370370374,Shepherd,-138.6,-1.3481999999999985,-0.3801735167777673,0.893419434194342,-1.1288601446802058
Shippensburg,5,PSAC,176,14,0,1,4,195,50,11,5,6,35,11,1,0,33.54525952202957,4.875472442221923,2.6173929287355224,7.505908957806468,1.2942318771080021,43,0,32,5,2025,2,102.72878968855296,28,100.0,7.179487179487179,22.05128205128205,0.2840909090909091,0.5056818181818182,0.3487179487179487,0.22159090909090912,112.30397678840961,0.1794871794871795,0.3776820512820513,Shippensburg,-97.096,0.6477999999999998,0.8898693654129575,0.6860433604336044,0.05438581926016095
Shorter,10,Conference Carolinas,283,58,1,5,19,366,75,21,2,7,73,43,1,0,72.00936828059395,-0.09626724636828055,6.496617990161725,20.244659656595235,2.536059881594213,74,4,61,10,2025,2,108.2381017719212,45,91.48936170212765,15.846994535519126,20.21857923497268,0.26501766784452296,0.4275618374558304,0.4180327868852459,0.1625441696113074,111.31082171988638,0.1994535519125683,0.40124450549450547,Shorter,-129.554,4.6514,1.809297047084932,0.8617985125084516,3.5880202289232273
Sioux Falls,5,NSIC,162,39,0,3,9,213,46,9,1,2,44,9,0,0,43.27657475025413,5.461431439538499,2.0836315818390343,2.339096765606282,1.0727715813370098,35,3,33,5,2025,2,104.92601547895042,34,75.0,18.30985915492958,16.431924882629108,0.2839506172839506,0.3888888888888889,0.4413145539906103,0.1049382716049383,107.97083905976103,0.20657276995305165,0.4073051643192489,Sioux Falls,-81.952,1.7903999999999998,1.4224345404908092,1.0165450121654502,0.3388253924914786
Sonoma St.,8,CCAA,263,28,1,4,8,304,76,17,0,5,42,16,3,3,47.338249663548964,-1.8067006497134717,-3.522565818450462,4.77063489950752,0.14396493943748823,56,10,35,8,2025,2,91.69573234508384,54,61.53846153846154,9.210526315789473,18.421052631578945,0.2889733840304182,0.41064638783269963,0.3717105263157895,0.12167300380228141,95.26117477322407,0.13815789473684212,0.36281788079470195,Sonoma St.,-157.68,0.9226000000000003,0.9087938456745503,1.1033085194375516,-0.0725816858424786
Southeastern Okla.,10,GAC,341,31,1,0,12,385,86,18,1,16,48,11,0,2,55.91805438323114,-9.963936529131978,-3.5817292111545673,13.484884600026621,0.2017671532383649,91,5,44,10,2025,2,101.90506221913098,51,68.75,8.051948051948052,23.636363636363637,0.25219941348973607,0.45161290322580644,0.33766233766233766,0.19941348973607037,96.37603257014274,0.12467532467532468,0.35194778067885113,Southeastern Okla.,-206.976,0.5454000000000025,1.2737017372886863,1.1542635658914728,-0.8011926708011086
Southern Ark.,11,GAC,360,45,0,4,17,426,91,16,4,10,57,12,3,2,63.32707168767965,-10.012722225087597,0.9029306066708715,15.604433115932384,0.23979018017097453,85,1,49,11,2025,2,102.51418765160844,61,92.3076923076923,10.56338028169014,19.953051643192488,0.25277777777777777,0.4027777777777778,0.3591549295774648,0.15000000000000002,90.116955216506,0.13380281690140844,0.3554553990610328,Southern Ark.,-232.768,0.7699999999999999,1.178199293625209,1.123293963254593,-0.4927153284403267
Southern Conn. St.,3,NE10,73,12,0,1,3,89,15,3,0,3,11,0,1,3,10.964761631130854,-2.707990901134718,-0.002335649514488683,-1.829018501264475,0.36468553027210227,25,0,10,3,2025,2,91.4896877002209,9,,13.48314606741573,28.08988764044944,0.2054794520547945,0.3698630136986301,0.33707865168539325,0.1643835616438356,76.4586359622316,0.12359550561797752,0.33124719101123595,Southern Conn. St.,-44.296,0.3720000000000006,0.6573143479823579,1.3217821782178218,-0.3758761457351664
Southern N.H.,1,NE10,40,8,0,2,3,53,14,5,1,2,16,2,0,0,15.402236327152831,6.309647848860095,0.3948655060915666,2.023805670171702,0.6021632703729156,8,0,15,1,2025,2,102.02182923717643,6,100.0,15.09433962264151,15.09433962264151,0.35,0.675,0.4716981132075472,0.32500000000000007,184.99551336181756,0.3018867924528302,0.49045283018867925,Southern N.H.,-11.648000000000001,0.3299999999999997,0.3065104761139242,0.36141552511415526,0.606565961030737
Southern Nazarene,11,GAC,278,57,0,1,15,351,51,9,1,3,44,6,1,6,38.20544190306017,-25.359636874390404,2.1469551363416843,26.661081059496873,1.1417576351837655,92,2,38,11,2025,2,107.76383030576288,38,75.0,16.23931623931624,26.21082621082621,0.18345323741007194,0.25539568345323743,0.3504273504273504,0.07194244604316549,52.2274243393666,0.12535612535612536,0.31759829059829064,Southern Nazarene,-195.616,1.225800000000002,-0.045568655957472406,0.8718390804597701,1.4515620639996631
Southern Wesleyan,12,Conference Carolinas,392,60,3,5,30,490,82,13,1,3,59,29,1,7,56.404497922961646,-43.2823521881639,1.4334607954070167,14.919376547317983,-1.5110148913277062,101,7,46,12,2025,2,112.0162552441964,65,80.55555555555556,12.244897959183673,20.612244897959183,0.20918367346938777,0.27040816326530615,0.35714285714285715,0.06122448979591838,57.59118779321915,0.12040816326530612,0.32328719008264456,Southern Wesleyan,-283.064,-0.6511999999999991,-0.2270545004158104,1.2732020997375328,-0.2844118254206316
Southwest Baptist,6,GLVC,168,16,1,4,7,196,40,5,0,2,27,4,0,2,18.901350869799902,-13.890714598835299,0.24786004066176173,5.688445627578863,-0.03258022571394723,33,0,23,6,2025,2,109.67758892588049,33,100.0,8.16326530612245,16.83673469387755,0.23809523809523808,0.30357142857142855,0.32653061224489793,0.06547619047619047,57.70635939391067,0.1377551020408163,0.3048041237113402,Southwest Baptist,-100.934,0.4544000000000004,0.3742263188796533,0.8299259259259258,0.17329242442630943
Southwestern Okla.,10,GAC,308,38,2,4,18,370,98,15,4,9,73,12,1,7,78.71223974494934,12.002484276037935,-1.5889859813266316,13.054041794223346,1.902490548125149,65,1,65,10,2025,2,107.29368914343704,70,92.3076923076923,10.27027027027027,17.56756756756757,0.3181818181818182,0.4805194805194805,0.42162162162162165,0.16233766233766234,125.04227809622903,0.1972972972972973,0.4154836065573771,Southwestern Okla.,-138.968,3.8741999999999983,3.2857725074823176,1.0579470198675496,0.37622561458340886
Spring Hill,10,SIAC,312,40,1,5,12,370,86,14,4,14,64,26,1,7,65.98453561512568,-7.482422636328028,0.9296620631849121,17.7256323705577,1.3233868772457789,78,4,56,10,2025,2,103.35152933224752,54,86.66666666666667,10.81081081081081,21.08108108108108,0.27564102564102566,0.4807692307692308,0.37567567567567567,0.20512820512820512,113.24024516309636,0.17297297297297298,0.38401630434782613,Spring Hill,-172.544,1.3525999999999991,2.121788154254496,1.1353401360544217,-0.9304271188729694
St. Anselm,3,NE10,77,10,0,0,1,88,13,2,0,4,13,1,0,0,6.34760537560792,-8.68760914042772,-0.843385990494617,2.172372154931452,0.24420261299404739,25,1,11,3,2025,2,101.60859654407248,7,50.0,11.363636363636363,28.40909090909091,0.16883116883116883,0.35064935064935066,0.2727272727272727,0.18181818181818182,55.19849710929912,0.14772727272727273,0.2826818181818182,St. Anselm,-51.512,0.722000000000001,0.4083607021559279,1.207,0.18981659693272246
St. Cloud St.,3,NSIC,101,4,0,0,4,109,21,4,1,3,12,1,1,2,7.715878329391806,-11.080753519418767,-0.3497431261192665,4.111990150405963,0.2608296010031343,26,1,11,3,2025,2,101.93660366773028,13,50.0,3.669724770642202,23.853211009174313,0.2079207920792079,0.3564356435643564,0.26605504587155965,0.1485148514851485,54.874943123497076,0.11009174311926606,0.28140366972477066,St. Cloud St.,-70.944,-0.027199999999999017,-0.39706451736064147,0.83828125,0.36461717346502287
St. Edward's,13,Lone Star,380,65,0,1,20,466,113,25,3,8,82,24,2,9,95.79670781816581,3.249305131005917,1.1673388479752216,11.880366564621323,1.323624541869959,72,6,75,13,2025,2,98.92543756634338,77,80.0,13.948497854077251,15.450643776824036,0.29736842105263156,0.4421052631578947,0.4248927038626609,0.14473684210526316,116.59845446852013,0.1759656652360515,0.4095836909871245,St. Edward's,-209.84,3.405800000000001,2.912946029954358,0.8429577464788732,1.1273513802377906
St. Mary's (TX),9,Lone Star,261,30,1,8,13,313,75,16,0,4,60,16,2,5,49.156673271110364,-12.888464101413915,3.7208683322058893,8.831452149607347,0.5131066360900979,71,3,55,9,2025,2,98.70676938206852,55,84.21052631578947,9.584664536741213,22.683706070287542,0.28735632183908044,0.3946360153256705,0.3801916932907348,0.10727969348659006,93.57963531194162,0.19169329073482427,0.36390996784565915,St. Mary's (TX),-129.17600000000002,1.8751999999999998,0.9530987840486842,0.7614255765199162,1.5096501146297296
Stanislaus St.,10,CCAA,343,49,0,1,16,409,90,19,3,9,61,12,0,11,67.99840167396857,1.1570324516766022,0.14726055031916802,-3.3559518168507916,-0.3639956888881484,69,3,54,10,2025,2,92.73257479711263,59,80.0,11.98044009779951,16.87041564792176,0.26239067055393583,0.4139941690962099,0.37897310513447435,0.15160349854227406,97.94571884105778,0.1491442542787286,0.3721931540342298,Stanislaus St.,-197.907,1.1254000000000006,2.034201312392535,1.223786089238845,-1.1145961543538758
Sul Ross St.,12,Lone Star,341,41,0,1,11,394,85,15,3,6,46,18,7,0,51.45819769391113,-42.42043343228524,0.15844071400047843,13.466726474111539,-1.6259131742819992,87,3,44,12,2025,2,122.2259589786064,61,85.71428571428571,10.406091370558377,22.081218274111674,0.24926686217008798,0.36363636363636365,0.3477157360406091,0.11436950146627567,77.69936914670322,0.116751269035533,0.33828934010152284,Sul Ross St.,-226.318,0.45660000000000084,0.6309259430139766,0.7115721997300944,0.010751739409807226
Tampa,9,Sunshine State,293,50,0,7,13,363,79,19,2,10,57,24,1,2,65.8352917327423,7.72168915041171,-2.0703630682302308,17.65465060561693,1.328858557037576,55,7,53,9,2025,2,101.22575621321252,48,77.41935483870968,13.774104683195592,15.151515151515152,0.2696245733788396,0.45051194539249145,0.39118457300275483,0.18088737201365185,109.92831030216364,0.15702479338842976,0.3865619834710744,Tampa,-175.4,0.8673999999999994,1.554654405813017,0.8683020180932499,-0.5556932357068266
Tex. A&M Int'l,13,Lone Star,392,52,0,6,23,473,112,30,4,7,85,21,0,7,86.68041885183159,-11.522277465179707,3.99841294788278,10.156995341408226,0.7363453908040305,67,6,79,13,2025,2,104.22157878316722,71,77.77777777777779,10.993657505285412,14.16490486257928,0.2857142857142857,0.4362244897959184,0.3953488372093023,0.15051020408163268,107.5488161514007,0.17970401691331925,0.3883615221987315,Tex. A&M Int'l,-199.318,1.7624000000000006,2.0869046532136952,0.8477189781021898,-0.00791380185216184
Tex. A&M-Kingsville,11,Lone Star,321,47,2,10,12,392,104,17,1,3,73,24,1,10,75.07609630128081,1.1047822652513566,1.9546014269056333,-5.302172767203515,0.9232904647265996,63,5,63,11,2025,2,93.11235969286425,83,82.75862068965517,11.989795918367346,16.071428571428573,0.32398753894080995,0.411214953271028,0.42091836734693877,0.08722741433021808,108.10323515006988,0.18622448979591838,0.39492010309278347,Tex. A&M-Kingsville,-185.03,2.5693999999999995,2.1951731855652876,0.9758267195767195,0.4378762569776651
Tex. Permian Basin,10,Lone Star,272,33,0,5,9,319,68,11,3,3,39,7,1,7,39.23246696291941,-27.54760540269531,-0.50756434377632,20.959429522161585,-0.66259186678657,70,4,34,10,2025,2,105.23487798627124,51,63.63636363636363,10.344827586206897,21.9435736677116,0.25,0.34558823529411764,0.3448275862068966,0.09558823529411764,72.58975669482419,0.12225705329153605,0.33104388714733546,Tex. Permian Basin,-186.148,1.0732000000000006,0.7233882643916132,1.079957264957265,0.27035476121085644
Texas-Dallas,3,Lone Star,91,33,1,6,9,140,39,8,0,4,51,10,0,0,50.47321768051453,22.413142586647197,2.5266718875520207,4.886186609876214,2.715825157206337,18,1,45,3,2025,2,,27,90.9090909090909,23.57142857142857,12.857142857142856,0.42857142857142855,0.6483516483516484,0.5857142857142857,0.21978021978021983,207.98901606956318,0.36428571428571427,0.5506521739130434,Texas-Dallas,-10.440000000000001,1.367399999999999,1.5970795661510846,0.36976320582877953,2.1009627983809334
Thomas More,2,G-MAC,50,4,0,0,1,55,16,4,2,0,6,2,1,2,10.586075652078822,0.5938132839882668,0.31897205503386894,1.556646612538267,0.6861160848708581,6,0,6,2,2025,2,119.07029787234042,10,100.0,7.2727272727272725,10.909090909090908,0.32,0.48,0.38181818181818183,0.15999999999999998,114.6401343459674,0.10909090909090909,0.3971272727272728,Thomas More,-29.864,0.3570000000000002,0.3976020073239757,0.8528571428571429,0.020990957500145124
Tiffin,2,G-MAC,68,6,0,1,0,75,21,2,0,1,17,1,0,1,10.318264905544822,-1.7947226362762119,0.1137347819260682,3.7818424064954077,0.7957152555467097,16,0,15,2,2025,2,107.22300316628709,18,100.0,8.0,21.333333333333336,0.3088235294117647,0.38235294117647056,0.36,0.07352941176470584,85.39651771431187,0.22666666666666666,0.34492,Tiffin,-19.864,0.41500000000000004,0.5409767537759794,0.7687719298245613,-0.001154754688804549
Trevecca Nazarene,9,Gulf South,309,41,0,5,16,371,98,17,1,10,70,5,1,2,76.24888247093206,15.932631491585337,2.661560663403911,-0.14196352988154004,1.3707626463503746,68,1,64,9,2025,2,102.50697812992192,70,83.33333333333334,11.05121293800539,18.328840970350406,0.31715210355987056,0.47572815533980584,0.41778975741239893,0.15857605177993528,122.89444173075398,0.18867924528301888,0.4095363881401617,Trevecca Nazarene,-160.4,2.0789999999999997,2.255557148138912,1.0108836206896552,-0.1989405827407671
Truman St.,4,GLVC,107,6,0,0,1,114,13,1,0,0,5,2,0,0,-6.672578037578182,-24.85967539649029,0.11999175381246129,-3.8874896845467855,-0.13445657488765717,39,2,5,4,2025,2,105.11363119008588,12,50.0,5.263157894736842,34.21052631578947,0.12149532710280374,0.1308411214953271,0.17543859649122806,0.009345794392523352,-23.068188433440696,0.043859649122807015,0.15842105263157896,Truman St.,-93.304,-0.6563999999999988,-0.9820263961184993,0.5421497584541063,-0.2287091797335813
Tusculum,10,SAC,318,44,0,7,23,392,82,18,3,1,58,16,2,3,58.53829107140365,-14.251682532051486,1.657513094798952,19.846831625183015,1.0008336296030753,86,4,56,10,2025,2,102.97987444739104,60,80.0,11.224489795918368,21.93877551020408,0.2578616352201258,0.34276729559748426,0.38010204081632654,0.08490566037735847,81.01490120893268,0.14795918367346939,0.3560994897959184,Tusculum,-187.76,1.3642000000000007,1.3691558509740518,1.219378306878307,-0.2503890233990662
Tuskegee,11,SIAC,319,33,0,3,9,364,73,7,3,3,44,28,1,1,32.61648584315482,-36.03046250769035,-3.976036963161724,0.3466551311060819,-0.9129527674576298,92,12,39,11,2025,2,97.49640690620625,60,70.0,9.065934065934066,25.274725274725274,0.22884012539184953,0.29780564263322884,0.3159340659340659,0.06896551724137931,53.5763835753577,0.12087912087912088,0.29929945054945056,Tuskegee,-228.436,-2.094599999999998,-1.0757895944395794,1.247370151216305,-0.6034232662798815
UC-Colo. Springs,8,RMAC,251,35,0,5,11,302,67,13,5,4,49,7,1,3,48.696646581174676,-11.341729732394171,-0.8681337644558759,9.554475708771463,-0.09428935386647774,68,6,45,8,2025,2,112.50012776613688,45,53.84615384615385,11.589403973509933,22.516556291390728,0.26693227091633465,0.4063745019920319,0.3741721854304636,0.13944223107569725,94.86381127418811,0.16225165562913907,0.3674304635761589,UC-Colo. Springs,-144.536,2.1222,1.3787149792848585,1.039426523297491,0.6629877793358308
UIndy,3,GLVC,70,22,0,2,2,96,18,3,2,6,29,13,0,2,24.08191115060105,8.965132160966885,0.026955946218258114,1.6573416744309861,0.6107334826025703,25,2,24,3,2025,2,103.8981283321715,7,86.66666666666667,22.916666666666664,26.041666666666668,0.2571428571428571,0.6142857142857143,0.4375,0.3571428571428572,161.4857729320212,0.3020833333333333,0.45264583333333325,UIndy,-26.296000000000003,1.155599999999999,1.201368681464734,0.6625322997416021,0.5428481672092116
UNC Pembroke,10,Conference Carolinas,315,64,1,5,15,400,92,20,3,5,76,32,2,5,81.26292281905712,3.35678763651301,-0.24320387996873183,12.78332064421669,2.1702174503433853,57,10,64,10,2025,2,106.91975441880888,64,76.19047619047619,16.0,14.249999999999998,0.2920634920634921,0.4222222222222222,0.43,0.13015873015873014,113.10945077482053,0.19,0.4075552763819095,UNC Pembroke,-156.382,1.966399999999998,2.5679175902492783,1.012015503875969,-0.6248643539413525
USC Aiken,10,Peach Belt,335,38,0,5,4,382,94,19,5,10,61,15,0,3,60.97135522490198,-4.317158646659936,-4.1967709566328555,19.721375482497006,1.4998764887197695,72,2,59,10,2025,2,106.82987684675314,60,88.23529411764706,9.947643979057592,18.848167539267017,0.28059701492537314,0.45671641791044776,0.35602094240837695,0.1761194029850746,102.34989925517301,0.15968586387434555,0.36587434554973824,USC Aiken,-183.76,1.5172000000000017,1.4925392543427076,0.8093816631130064,0.38197813238016054
USC Beaufort,12,Peach Belt,392,47,0,8,15,462,104,22,4,5,78,22,1,6,65.6782405247807,-13.051813304988375,-4.937669798891089,20.096093171835484,0.8364466648500716,126,8,67,12,2025,2,106.53563674858404,73,73.33333333333333,10.173160173160174,27.27272727272727,0.2653061224489796,0.38010204081632654,0.3593073593073593,0.11479591836734693,84.67343424527715,0.16883116883116883,0.3492792207792208,USC Beaufort,-219.984,1.4524000000000001,1.3597687294108318,0.7876198083067093,0.48426818368114666
UT Tyler,12,Lone Star,453,71,1,9,30,564,154,37,3,10,124,25,1,8,134.44869646403987,25.240261539727875,1.8879308288096115,18.43379928124584,3.506794713729148,92,4,115,12,2025,2,96.00775242277425,104,86.20689655172413,12.588652482269502,16.312056737588655,0.33995584988962474,0.5011037527593819,0.45390070921985815,0.16114790286975716,138.35333130294475,0.2198581560283688,0.44089323843416367,UT Tyler,-177.66,3.8669999999999978,3.7944950708439817,0.8072257383966245,0.9959864711357609
UVA Wise,14,SAC,408,78,0,6,19,511,121,19,5,9,104,17,0,1,103.94097906433181,4.868447416774437,1.6027335971687169,10.5597755889791,1.1376205244290425,87,2,99,14,2025,2,107.79080216778104,88,89.47368421052632,15.264187866927593,17.025440313111545,0.2965686274509804,0.4338235294117647,0.42661448140900193,0.13725490196078433,115.04050635698727,0.2035225048923679,0.40752446183953034,UVA Wise,-193.984,4.665,2.4416469064869752,0.9262883771929824,2.594581675088001
Union (TN),10,Gulf South,318,32,0,4,16,370,93,15,4,2,70,16,4,3,58.87357689890019,-4.025063777733232,-1.2539007477684265,7.4200705443897235,0.24092910037656168,56,3,61,10,2025,2,106.86437643681236,72,84.21052631578947,8.64864864864865,15.135135135135137,0.29245283018867924,0.3836477987421384,0.3810810810810811,0.09119496855345915,91.15236554305253,0.1891891891891892,0.3654054054054054,Union (TN),-158.4,2.5840999999999994,1.2040731852041335,0.9678523035230352,1.4658589837784008
Upper Iowa,3,GLVC,104,10,0,1,5,120,26,6,1,4,21,2,1,1,17.591873691143007,-1.5558710081712375,0.24914648154357175,2.1657692000532407,0.5311105248316653,25,0,20,3,2025,2,105.1304276833745,15,100.0,8.333333333333332,20.833333333333336,0.25,0.4423076923076923,0.3416666666666667,0.1923076923076923,95.15992693671356,0.175,0.35350000000000004,Upper Iowa,-65.016,0.9268000000000003,0.1651659028553792,0.9937062937062937,0.7675040478835373
Valdosta St.,10,Gulf South,336,39,0,3,20,398,90,16,1,6,58,6,1,2,60.27382587057698,-4.587937771273181,-2.1225852674785815,12.81303394116864,0.2882931237411911,66,6,50,10,2025,2,102.73707533370492,67,50.0,9.798994974874372,16.582914572864322,0.26785714285714285,0.375,0.3743718592964824,0.10714285714285715,87.329171621264,0.1457286432160804,0.358105527638191,Valdosta St.,-207.174,0.8268000000000009,0.6841263918299813,1.0676308539944903,0.09029858559228765
Vanguard ,10,PacWest,303,40,1,2,23,369,77,21,0,2,46,11,0,3,55.7924979554798,-4.511366656796022,0.0,15.356822307999465,0.0,78,3,39,10,2025,2,,54,78.57142857142857,10.840108401084011,21.138211382113823,0.25412541254125415,0.3432343234323432,0.3821138211382114,0.08910891089108908,81.647231804785,0.12466124661246612,0.3575204359673025,,,,,,
Virginia St.,7,DII Independent,177,18,0,1,7,203,36,6,1,0,15,1,1,4,13.658114192921758,-1.7128652030597258,0.4233766029057381,11.781322241448155,0.6226380511816827,58,3,11,7,2025,2,92.1252279284821,29,25.0,8.866995073891626,28.57142857142857,0.2033898305084746,0.24858757062146894,0.30049261083743845,0.04519774011299435,37.68900155789643,0.07389162561576355,0.2780689655172414,Virginia St.,-135.528,-1.4897999999999987,-0.8086377029705262,0.9957541191381495,-0.6875147822328075
Washburn,8,Mid-America Intercollegiate,264,36,0,3,6,309,68,17,1,10,37,10,1,2,47.9242061952821,-5.635024757568761,-2.7323838569528083,13.146483162518301,0.33804108585208265,79,4,35,8,2025,2,97.7259582034723,40,71.42857142857143,11.650485436893204,25.5663430420712,0.25757575757575757,0.4431818181818182,0.3559870550161812,0.1856060606060606,99.06855411309591,0.11974110032362459,0.36157928802588996,Washburn,-178.04,-0.24159999999999948,0.3112219147568597,1.0185714285714285,-0.5484168656685001
Wayne St. (MI),4,GLIAC,126,16,1,3,3,149,31,4,2,4,19,3,0,3,20.717848844736007,1.4946498445521839,-0.8906089607824752,-0.06933102622121656,0.42151128543098243,28,2,18,4,2025,2,98.95045947122998,21,60.0,10.738255033557047,18.79194630872483,0.24603174603174602,0.40476190476190477,0.3422818791946309,0.15873015873015875,86.24038708963249,0.12751677852348994,0.3423945578231292,Wayne St. (MI),-85.44800000000001,0.4741999999999999,0.4398974634954352,0.7033163265306123,0.23433684916325165
Wayne St. (NE),4,NSIC,141,21,1,2,6,171,41,6,2,1,25,5,0,2,30.436299022682647,2.0424128619412265,-3.31630541015089,5.884883535205644,0.8468742071633166,28,2,26,4,2025,2,98.1775812867714,32,71.42857142857143,12.280701754385964,16.374269005847953,0.2907801418439716,0.3829787234042553,0.40350877192982454,0.09219858156028371,96.78101513122861,0.14619883040935672,0.3804201183431952,Wayne St. (NE),-78.44800000000001,2.1387999999999994,1.1323206351170916,1.3850230414746545,0.41191360211464967
West Ala.,12,Gulf South,374,55,0,6,22,457,96,15,0,9,63,9,1,2,69.40528784863818,-6.518091805556874,-2.331080509580346,10.17845494476241,-0.29756253537664884,100,8,57,12,2025,2,104.59604811200384,72,52.94117647058824,12.035010940919037,21.88183807439825,0.25668449197860965,0.3689839572192513,0.3785557986870897,0.11229946524064166,86.95474197417845,0.13785557986870897,0.35851422319474835,West Ala.,-230.912,1.5046000000000006,1.2478729857637918,0.9030167264038231,0.4183198498793803
West Florida,10,Gulf South,327,51,1,3,15,397,74,15,3,5,52,8,0,4,51.52761885508847,-9.041263541012887,-1.5530177778099923,15.097656329029682,0.4332596748494334,75,5,45,10,2025,2,96.62706258874978,51,61.53846153846154,12.846347607052897,18.89168765743073,0.22629969418960244,0.3363914373088685,0.35516372795969775,0.11009174311926606,73.03462551882951,0.1309823677581864,0.33775443037974684,West Florida,-199.904,-0.03339999999999905,0.7894474592769438,0.9517382413087934,-0.8245411421304022
West Liberty,4,MEC,111,16,2,2,7,138,31,8,0,2,24,0,0,1,25.84237924534022,4.420360394496979,-2.1587092089745816,5.645526420870491,0.6329996913932294,23,1,20,4,2025,2,100.33205673161902,21,0.0,11.594202898550725,16.666666666666664,0.27927927927927926,0.40540540540540543,0.4057971014492754,0.12612612612612617,102.79447627649225,0.17391304347826086,0.38598507462686565,West Liberty,-53.566,0.008000000000001076,0.17636964932287486,0.9709876543209878,-0.1681306156292946
West Tex. A&M,10,Lone Star,309,28,0,7,17,361,103,23,2,13,78,9,2,9,78.95113695040305,5.359792567951608,-3.610011430771686,14.538055903101291,1.3130135821425932,51,4,72,10,2025,2,102.01166855729022,65,69.23076923076923,7.756232686980609,14.127423822714682,0.3333333333333333,0.5469255663430421,0.4099722991689751,0.2135922330097088,138.0912786197302,0.21606648199445982,0.4220692520775623,West Tex. A&M,-155.472,2.339999999999999,2.3793405964105743,0.8193715194908512,0.47650677482103765
West Va. Wesleyan,2,MEC,49,4,0,0,1,54,6,0,0,0,1,0,0,0,-2.0594717706365415,-11.076869353013082,-0.17980268778880412,2.1492618128577132,0.05133215899201948,15,0,1,2,2025,2,107.23734515297124,6,,7.4074074074074066,27.77777777777778,0.12244897959183673,0.12244897959183673,0.2037037037037037,0.0,-17.799819817901373,0.018518518518518517,0.17781481481481481,West Va. Wesleyan,-41.777,-0.6599999999999994,-0.4455648309121209,1.2409836065573772,-0.08627136459646506
West Virginia St.,2,MEC,59,5,0,1,1,66,22,4,1,0,16,3,0,1,14.01096691288365,3.7797690821410854,0.21411624968797205,2.472806601890057,0.8468987518924174,10,0,11,2,2025,2,100.2064406728709,17,100.0,7.575757575757576,15.151515151515152,0.3728813559322034,0.4745762711864407,0.42424242424242425,0.1016949152542373,124.28188525038406,0.24242424242424243,0.415969696969697,West Virginia St.,-13.63,0.6053999999999997,0.6435441058941056,0.38351449275362315,0.9350142313756151
Western Ore.,8,Great Northwest,228,30,1,3,16,278,48,5,0,1,26,5,2,0,26.73067282436913,-14.280226358719661,-2.5553886718394585,10.147090909090908,-0.33819721626970456,66,2,26,8,2025,2,98.58377334250557,42,71.42857142857143,10.79136690647482,23.741007194244602,0.21052631578947367,0.24561403508771928,0.34172661870503596,0.03508771929824561,47.61589922195828,0.09352517985611511,0.3054021739130435,Western Ore.,-169.608,-0.8835999999999986,-0.7906936639535019,1.225883476599809,0.06990737645837264
Westmont,11,PacWest,353,41,2,2,9,407,110,14,3,21,78,24,5,5,85.65379196883337,23.29364587931719,-2.4120195239657405,19.96898629042992,2.8199825038590807,65,7,71,11,2025,2,94.00553278072348,72,77.41935483870968,10.073710073710075,15.970515970515969,0.311614730878187,0.546742209631728,0.39803439803439805,0.23512747875354106,134.9647914196348,0.19164619164619165,0.4145533498759305,Westmont,-172.904,3.8434,3.3227239560351567,0.9415013227513227,0.7594795492860476
William Jewell,2,GLVC,55,1,0,1,2,59,17,3,0,0,6,0,2,2,7.025257982267289,-2.494206233176497,-2.322666915160593,1.9841879409024357,0.3889002057019256,16,2,6,2,2025,2,106.1772561997397,14,0.0,1.694915254237288,27.11864406779661,0.3090909090909091,0.36363636363636365,0.3389830508474576,0.054545454545454564,75.444746061743,0.1016949152542373,0.32732203389830505,William Jewell,-40.08,-0.04899999999999971,-0.147467114254315,1.7986111111111112,0.12022387101107192
Wingate,10,SAC,328,49,1,7,5,390,77,12,1,2,51,21,1,2,40.43156355860524,-35.123871660845765,0.338706596668738,0.09079062957540285,-2.174908268344899,81,5,43,10,2025,2,107.70397847432736,62,80.76923076923077,12.564102564102564,20.76923076923077,0.2347560975609756,0.29573170731707316,0.3384615384615385,0.06097560975609756,58.891107150725745,0.13076923076923078,0.312778350515464,Wingate,-199.814,0.6038000000000016,0.851749833844328,1.3778228532792427,-0.4135222354539058
Young Harris,11,Conference Carolinas,370,50,1,4,42,467,105,16,3,17,96,9,0,1,99.92222262215543,14.146051877778515,-2.4154536716319415,2.2351002262744575,1.4608563802692538,69,4,91,11,2025,2,100.40585338161571,69,69.23076923076923,10.706638115631693,14.775160599571734,0.28378378378378377,0.4810810810810811,0.42398286937901497,0.19729729729729734,125.78770212666024,0.20556745182012848,0.4172537634408603,Young Harris,-155.976,3.264799999999999,3.519320719618567,0.892434988179669,0.13898497574567026
